2025-09-08 18:39:18,605 - __main__ - INFO - === Starting Daily Brief Generation ===
2025-09-08 18:39:18,605 - __main__ - INFO - Multi-user mode detected - generating briefs for all users
2025-09-08 18:39:18,605 - __main__ - WARNING - Multi-user brief generation not yet implemented
2025-09-08 18:39:18,606 - __main__ - ERROR - Daily brief generation failed
2025-09-08 18:40:56,038 - __main__ - INFO - === Starting Daily Brief Generation ===
2025-09-08 18:40:56,039 - __main__ - INFO - Solo mode detected - generating brief for solo user
2025-09-08 18:40:56,039 - __main__ - INFO - Generating daily brief for user 1
2025-09-08 18:40:56,248 - __main__ - ERROR - Failed to generate brief for user 1: (psycopg.errors.UndefinedColumn) column reminder.text does not exist
LINE 1: ...eminder_id, reminder.user_id AS reminder_user_id, reminder.t...
                                                             ^
[SQL: SELECT reminder.id AS reminder_id, reminder.user_id AS reminder_user_id, reminder.text AS reminder_text, reminder.due_at AS reminder_due_at, reminder.status AS reminder_status, reminder.created_at AS reminder_created_at 
FROM reminder 
WHERE reminder.user_id = %(user_id_1)s::UUID AND reminder.due_at <= %(due_at_1)s::TIMESTAMP WITH TIME ZONE AND reminder.status = %(status_1)s::VARCHAR ORDER BY reminder.due_at 
 LIMIT %(param_1)s::INTEGER]
[parameters: {'user_id_1': '1', 'due_at_1': datetime.datetime(2025, 9, 8, 23, 59, 59, 999999), 'status_1': 'scheduled', 'param_1': 3}]
(Background on this error at: https://sqlalche.me/e/20/f405)
2025-09-08 18:40:56,250 - __main__ - ERROR - ❌ Failed to generate solo user brief
2025-09-08 18:40:56,252 - __main__ - ERROR - Daily brief generation failed
2025-09-08 18:57:57,650 - __main__ - INFO - === Starting Daily Brief Generation ===
2025-09-08 18:57:59,014 - app.services.solo_mode_service - INFO - Solo mode: enabled
2025-09-08 18:57:59,014 - app.services.solo_mode_service - INFO - Solo user ID: 1
2025-09-08 18:57:59,014 - __main__ - INFO - Generating daily brief for September 08, 2025
2025-09-08 18:57:59,153 - __main__ - INFO - ✅ Created daily brief inbox item: c014ffd7-e17e-46b3-9812-d94c0f1a7d59
2025-09-08 18:57:59,153 - __main__ - INFO -    Title: 🌅 Daily Brief Ready
2025-09-08 18:57:59,153 - __main__ - INFO -    Priority: 8
2025-09-08 18:57:59,191 - __main__ - INFO - 🎉 Daily brief generation completed successfully
2025-09-08 19:11:42,398 - __main__ - INFO - === Starting Daily Brief Generation ===
2025-09-08 19:11:43,977 - app.services.solo_mode_service - INFO - Solo mode: enabled
2025-09-08 19:11:43,977 - app.services.solo_mode_service - INFO - Solo user ID: 1
2025-09-08 19:11:43,977 - __main__ - INFO - Generating daily brief for September 08, 2025
2025-09-08 19:11:44,101 - __main__ - INFO - ✅ Created daily brief inbox item: c014ffd7-e17e-46b3-9812-d94c0f1a7d59
2025-09-08 19:11:44,101 - __main__ - INFO -    Title: 🌅 Daily Brief Ready
2025-09-08 19:11:44,101 - __main__ - INFO -    Priority: 8
2025-09-08 19:11:44,107 - __main__ - INFO - 🎉 Daily brief generation completed successfully
2025-09-09 06:30:01,318 - __main__ - INFO - === Starting Daily Brief Generation ===
2025-09-09 06:30:01,318 - __main__ - INFO - === Starting Daily Brief Generation ===
2025-09-09 06:30:06,244 - app.services.solo_mode_service - INFO - Solo mode: enabled
2025-09-09 06:30:06,244 - app.services.solo_mode_service - INFO - Solo mode: enabled
2025-09-09 06:30:06,244 - app.services.solo_mode_service - INFO - Solo user ID: 1
2025-09-09 06:30:06,244 - app.services.solo_mode_service - INFO - Solo user ID: 1
2025-09-09 06:30:06,245 - __main__ - INFO - Generating daily brief for September 09, 2025
2025-09-09 06:30:06,245 - __main__ - INFO - Generating daily brief for September 09, 2025
2025-09-09 06:30:06,654 - app.services.jarvis_inbox_service - INFO - Created inbox item: 3e45410a-db4a-4cd0-a488-55e869e8e599 - 🌅 Daily Brief - September 09
2025-09-09 06:30:06,654 - app.services.jarvis_inbox_service - INFO - Created inbox item: 3e45410a-db4a-4cd0-a488-55e869e8e599 - 🌅 Daily Brief - September 09
2025-09-09 06:30:06,655 - __main__ - INFO - ✅ Created daily brief inbox item: 3e45410a-db4a-4cd0-a488-55e869e8e599
2025-09-09 06:30:06,655 - __main__ - INFO - ✅ Created daily brief inbox item: 3e45410a-db4a-4cd0-a488-55e869e8e599
2025-09-09 06:30:06,655 - __main__ - INFO -    Title: 🌅 Daily Brief - September 09
2025-09-09 06:30:06,655 - __main__ - INFO -    Title: 🌅 Daily Brief - September 09
2025-09-09 06:30:06,655 - __main__ - INFO -    Priority: 8
2025-09-09 06:30:06,655 - __main__ - INFO -    Priority: 8
2025-09-09 06:30:06,667 - __main__ - INFO - 🎉 Daily brief generation completed successfully
2025-09-09 06:30:06,667 - __main__ - INFO - 🎉 Daily brief generation completed successfully
2025-09-09 13:29:50,552 - __main__ - INFO - === Starting Daily Brief Generation ===
2025-09-09 13:29:52,021 - __main__ - ERROR - Script failed with exception: invalid literal for int() with base 10: '64f37c56-85cb-4590-8de9-adfc17d343ed'
2025-09-09 13:48:40,423 - __main__ - INFO - === Starting Daily Brief Generation ===
2025-09-09 13:48:41,928 - app.services.solo_mode_service - INFO - Solo mode: enabled
2025-09-09 13:48:41,928 - app.services.solo_mode_service - INFO - Solo user ID: 64f37c56-85cb-4590-8de9-adfc17d343ed
2025-09-09 13:48:41,928 - __main__ - INFO - Generating daily brief for September 09, 2025
2025-09-09 13:48:42,079 - app.services.jarvis_inbox_service - INFO - Created inbox item: a7cd2826-de8f-4216-9d1d-5ec419f2a7cf - 🌅 Daily Brief - September 09
2025-09-09 13:48:42,079 - __main__ - INFO - ✅ Created daily brief inbox item: a7cd2826-de8f-4216-9d1d-5ec419f2a7cf
2025-09-09 13:48:42,079 - __main__ - INFO -    Title: 🌅 Daily Brief - September 09
2025-09-09 13:48:42,080 - __main__ - INFO -    Priority: 8
2025-09-09 13:48:42,085 - __main__ - INFO - 🎉 Daily brief generation completed successfully
2025-09-10 06:30:01,315 - __main__ - INFO - === Starting Daily Brief Generation ===
2025-09-10 06:30:01,315 - __main__ - INFO - === Starting Daily Brief Generation ===
2025-09-10 06:30:05,093 - app.services.solo_mode_service - INFO - Solo mode: enabled
2025-09-10 06:30:05,093 - app.services.solo_mode_service - INFO - Solo mode: enabled
2025-09-10 06:30:05,093 - app.services.solo_mode_service - INFO - Solo user ID: 64f37c56-85cb-4590-8de9-adfc17d343ed
2025-09-10 06:30:05,093 - app.services.solo_mode_service - INFO - Solo user ID: 64f37c56-85cb-4590-8de9-adfc17d343ed
2025-09-10 06:30:05,094 - __main__ - INFO - Generating daily brief for September 10, 2025
2025-09-10 06:30:05,094 - __main__ - INFO - Generating daily brief for September 10, 2025
2025-09-10 06:30:05,444 - app.services.jarvis_inbox_service - INFO - Created inbox item: 14be5b00-6e88-4732-be11-60a1d6a3bbb8 - 🌅 Daily Brief - September 10
2025-09-10 06:30:05,444 - app.services.jarvis_inbox_service - INFO - Created inbox item: 14be5b00-6e88-4732-be11-60a1d6a3bbb8 - 🌅 Daily Brief - September 10
2025-09-10 06:30:05,444 - __main__ - INFO - ✅ Created daily brief inbox item: 14be5b00-6e88-4732-be11-60a1d6a3bbb8
2025-09-10 06:30:05,444 - __main__ - INFO - ✅ Created daily brief inbox item: 14be5b00-6e88-4732-be11-60a1d6a3bbb8
2025-09-10 06:30:05,445 - __main__ - INFO -    Title: 🌅 Daily Brief - September 10
2025-09-10 06:30:05,445 - __main__ - INFO -    Title: 🌅 Daily Brief - September 10
2025-09-10 06:30:05,445 - __main__ - INFO -    Priority: 8
2025-09-10 06:30:05,445 - __main__ - INFO -    Priority: 8
2025-09-10 06:30:05,458 - __main__ - INFO - 🎉 Daily brief generation completed successfully
2025-09-10 06:30:05,458 - __main__ - INFO - 🎉 Daily brief generation completed successfully
2025-09-11 06:30:01,851 - __main__ - INFO - === Starting Daily Brief Generation ===
2025-09-11 06:30:01,851 - __main__ - INFO - === Starting Daily Brief Generation ===
2025-09-11 06:30:03,375 - app.services.solo_mode_service - INFO - Solo mode: enabled
2025-09-11 06:30:03,375 - app.services.solo_mode_service - INFO - Solo mode: enabled
2025-09-11 06:30:03,376 - app.services.solo_mode_service - INFO - Solo user ID: 64f37c56-85cb-4590-8de9-adfc17d343ed
2025-09-11 06:30:03,376 - app.services.solo_mode_service - INFO - Solo user ID: 64f37c56-85cb-4590-8de9-adfc17d343ed
2025-09-11 06:30:03,376 - __main__ - INFO - Generating daily brief for September 11, 2025
2025-09-11 06:30:03,376 - __main__ - INFO - Generating daily brief for September 11, 2025
2025-09-11 06:30:03,683 - app.services.jarvis_inbox_service - INFO - Created inbox item: 45ac2fca-ea51-4864-a9a6-a5d03325d994 - 🌅 Daily Brief - September 11
2025-09-11 06:30:03,683 - app.services.jarvis_inbox_service - INFO - Created inbox item: 45ac2fca-ea51-4864-a9a6-a5d03325d994 - 🌅 Daily Brief - September 11
2025-09-11 06:30:03,683 - __main__ - INFO - ✅ Created daily brief inbox item: 45ac2fca-ea51-4864-a9a6-a5d03325d994
2025-09-11 06:30:03,683 - __main__ - INFO - ✅ Created daily brief inbox item: 45ac2fca-ea51-4864-a9a6-a5d03325d994
2025-09-11 06:30:03,683 - __main__ - INFO -    Title: 🌅 Daily Brief - September 11
2025-09-11 06:30:03,683 - __main__ - INFO -    Title: 🌅 Daily Brief - September 11
2025-09-11 06:30:03,684 - __main__ - INFO -    Priority: 8
2025-09-11 06:30:03,684 - __main__ - INFO -    Priority: 8
2025-09-11 06:30:03,696 - __main__ - INFO - 🎉 Daily brief generation completed successfully
2025-09-11 06:30:03,696 - __main__ - INFO - 🎉 Daily brief generation completed successfully
2025-09-12 06:30:02,152 - __main__ - INFO - === Starting Daily Brief Generation ===
2025-09-12 06:30:02,152 - __main__ - INFO - === Starting Daily Brief Generation ===
2025-09-12 06:30:04,339 - app.services.solo_mode_service - INFO - Solo mode: enabled
2025-09-12 06:30:04,339 - app.services.solo_mode_service - INFO - Solo mode: enabled
2025-09-12 06:30:04,339 - app.services.solo_mode_service - INFO - Solo user ID: 64f37c56-85cb-4590-8de9-adfc17d343ed
2025-09-12 06:30:04,339 - app.services.solo_mode_service - INFO - Solo user ID: 64f37c56-85cb-4590-8de9-adfc17d343ed
2025-09-12 06:30:04,339 - __main__ - INFO - Generating daily brief for September 12, 2025
2025-09-12 06:30:04,339 - __main__ - INFO - Generating daily brief for September 12, 2025
2025-09-12 06:30:04,543 - app.services.jarvis_inbox_service - INFO - Created inbox item: 8e3e05b2-cc12-4c1d-b68f-115049d6991b - 🌅 Daily Brief - September 12
2025-09-12 06:30:04,543 - app.services.jarvis_inbox_service - INFO - Created inbox item: 8e3e05b2-cc12-4c1d-b68f-115049d6991b - 🌅 Daily Brief - September 12
2025-09-12 06:30:04,544 - __main__ - INFO - ✅ Created daily brief inbox item: 8e3e05b2-cc12-4c1d-b68f-115049d6991b
2025-09-12 06:30:04,544 - __main__ - INFO - ✅ Created daily brief inbox item: 8e3e05b2-cc12-4c1d-b68f-115049d6991b
2025-09-12 06:30:04,544 - __main__ - INFO -    Title: 🌅 Daily Brief - September 12
2025-09-12 06:30:04,544 - __main__ - INFO -    Title: 🌅 Daily Brief - September 12
2025-09-12 06:30:04,544 - __main__ - INFO -    Priority: 8
2025-09-12 06:30:04,544 - __main__ - INFO -    Priority: 8
2025-09-12 06:30:04,557 - __main__ - INFO - 🎉 Daily brief generation completed successfully
2025-09-12 06:30:04,557 - __main__ - INFO - 🎉 Daily brief generation completed successfully
2025-09-13 06:30:01,644 - __main__ - INFO - === Starting Daily Brief Generation ===
2025-09-13 06:30:01,644 - __main__ - INFO - === Starting Daily Brief Generation ===
2025-09-13 06:30:03,167 - app.services.solo_mode_service - INFO - Solo mode: enabled
2025-09-13 06:30:03,167 - app.services.solo_mode_service - INFO - Solo mode: enabled
2025-09-13 06:30:03,167 - app.services.solo_mode_service - INFO - Solo user ID: 64f37c56-85cb-4590-8de9-adfc17d343ed
2025-09-13 06:30:03,167 - app.services.solo_mode_service - INFO - Solo user ID: 64f37c56-85cb-4590-8de9-adfc17d343ed
2025-09-13 06:30:03,168 - __main__ - INFO - Generating daily brief for September 13, 2025
2025-09-13 06:30:03,168 - __main__ - INFO - Generating daily brief for September 13, 2025
2025-09-13 06:30:03,371 - app.services.jarvis_inbox_service - INFO - Created inbox item: d2ba0cbf-0160-46f5-8e8c-0d4626afa094 - 🌅 Daily Brief - September 13
2025-09-13 06:30:03,371 - app.services.jarvis_inbox_service - INFO - Created inbox item: d2ba0cbf-0160-46f5-8e8c-0d4626afa094 - 🌅 Daily Brief - September 13
2025-09-13 06:30:03,371 - __main__ - INFO - ✅ Created daily brief inbox item: d2ba0cbf-0160-46f5-8e8c-0d4626afa094
2025-09-13 06:30:03,371 - __main__ - INFO - ✅ Created daily brief inbox item: d2ba0cbf-0160-46f5-8e8c-0d4626afa094
2025-09-13 06:30:03,371 - __main__ - INFO -    Title: 🌅 Daily Brief - September 13
2025-09-13 06:30:03,371 - __main__ - INFO -    Title: 🌅 Daily Brief - September 13
2025-09-13 06:30:03,371 - __main__ - INFO -    Priority: 8
2025-09-13 06:30:03,371 - __main__ - INFO -    Priority: 8
2025-09-13 06:30:03,377 - __main__ - INFO - 🎉 Daily brief generation completed successfully
2025-09-13 06:30:03,377 - __main__ - INFO - 🎉 Daily brief generation completed successfully
2025-09-14 06:30:02,180 - __main__ - INFO - === Starting Daily Brief Generation ===
2025-09-14 06:30:02,180 - __main__ - INFO - === Starting Daily Brief Generation ===
2025-09-14 06:30:03,574 - app.services.solo_mode_service - INFO - Solo mode: enabled
2025-09-14 06:30:03,574 - app.services.solo_mode_service - INFO - Solo mode: enabled
2025-09-14 06:30:03,575 - app.services.solo_mode_service - INFO - Solo user ID: 64f37c56-85cb-4590-8de9-adfc17d343ed
2025-09-14 06:30:03,575 - app.services.solo_mode_service - INFO - Solo user ID: 64f37c56-85cb-4590-8de9-adfc17d343ed
2025-09-14 06:30:03,575 - __main__ - INFO - Generating daily brief for September 14, 2025
2025-09-14 06:30:03,575 - __main__ - INFO - Generating daily brief for September 14, 2025
2025-09-14 06:30:03,793 - app.services.jarvis_inbox_service - INFO - Created inbox item: 1e200669-29d8-43de-904f-c6da9c27cc8f - 🌅 Daily Brief - September 14
2025-09-14 06:30:03,793 - app.services.jarvis_inbox_service - INFO - Created inbox item: 1e200669-29d8-43de-904f-c6da9c27cc8f - 🌅 Daily Brief - September 14
2025-09-14 06:30:03,794 - __main__ - INFO - ✅ Created daily brief inbox item: 1e200669-29d8-43de-904f-c6da9c27cc8f
2025-09-14 06:30:03,794 - __main__ - INFO - ✅ Created daily brief inbox item: 1e200669-29d8-43de-904f-c6da9c27cc8f
2025-09-14 06:30:03,794 - __main__ - INFO -    Title: 🌅 Daily Brief - September 14
2025-09-14 06:30:03,794 - __main__ - INFO -    Title: 🌅 Daily Brief - September 14
2025-09-14 06:30:03,794 - __main__ - INFO -    Priority: 8
2025-09-14 06:30:03,794 - __main__ - INFO -    Priority: 8
2025-09-14 06:30:03,806 - __main__ - INFO - 🎉 Daily brief generation completed successfully
2025-09-14 06:30:03,806 - __main__ - INFO - 🎉 Daily brief generation completed successfully
2025-09-15 06:30:01,476 - __main__ - INFO - === Starting Daily Brief Generation ===
2025-09-15 06:30:01,476 - __main__ - INFO - === Starting Daily Brief Generation ===
2025-09-15 06:30:03,802 - app.services.solo_mode_service - INFO - Solo mode: enabled
2025-09-15 06:30:03,802 - app.services.solo_mode_service - INFO - Solo mode: enabled
2025-09-15 06:30:03,803 - app.services.solo_mode_service - INFO - Solo user ID: 64f37c56-85cb-4590-8de9-adfc17d343ed
2025-09-15 06:30:03,803 - app.services.solo_mode_service - INFO - Solo user ID: 64f37c56-85cb-4590-8de9-adfc17d343ed
2025-09-15 06:30:03,804 - __main__ - INFO - Generating daily brief for September 15, 2025
2025-09-15 06:30:03,804 - __main__ - INFO - Generating daily brief for September 15, 2025
2025-09-15 06:30:04,219 - app.services.jarvis_inbox_service - INFO - Created inbox item: e95d9a07-7956-43b1-ab85-d476098ac248 - 🌅 Daily Brief - September 15
2025-09-15 06:30:04,219 - app.services.jarvis_inbox_service - INFO - Created inbox item: e95d9a07-7956-43b1-ab85-d476098ac248 - 🌅 Daily Brief - September 15
2025-09-15 06:30:04,220 - __main__ - INFO - ✅ Created daily brief inbox item: e95d9a07-7956-43b1-ab85-d476098ac248
2025-09-15 06:30:04,220 - __main__ - INFO - ✅ Created daily brief inbox item: e95d9a07-7956-43b1-ab85-d476098ac248
2025-09-15 06:30:04,220 - __main__ - INFO -    Title: 🌅 Daily Brief - September 15
2025-09-15 06:30:04,220 - __main__ - INFO -    Title: 🌅 Daily Brief - September 15
2025-09-15 06:30:04,220 - __main__ - INFO -    Priority: 8
2025-09-15 06:30:04,220 - __main__ - INFO -    Priority: 8
2025-09-15 06:30:04,231 - __main__ - INFO - 🎉 Daily brief generation completed successfully
2025-09-15 06:30:04,231 - __main__ - INFO - 🎉 Daily brief generation completed successfully
2025-09-16 06:30:01,912 - __main__ - INFO - === Starting Daily Brief Generation ===
2025-09-16 06:30:01,912 - __main__ - INFO - === Starting Daily Brief Generation ===
2025-09-16 06:30:03,335 - app.services.solo_mode_service - INFO - Solo mode: enabled
2025-09-16 06:30:03,335 - app.services.solo_mode_service - INFO - Solo mode: enabled
2025-09-16 06:30:03,335 - app.services.solo_mode_service - INFO - Solo user ID: 64f37c56-85cb-4590-8de9-adfc17d343ed
2025-09-16 06:30:03,335 - app.services.solo_mode_service - INFO - Solo user ID: 64f37c56-85cb-4590-8de9-adfc17d343ed
2025-09-16 06:30:03,335 - __main__ - INFO - Generating daily brief for September 16, 2025
2025-09-16 06:30:03,335 - __main__ - INFO - Generating daily brief for September 16, 2025
2025-09-16 06:30:03,486 - app.services.jarvis_inbox_service - INFO - Created inbox item: 7e997559-ea29-4b88-9bfb-6292888d7255 - 🌅 Daily Brief - September 16
2025-09-16 06:30:03,486 - app.services.jarvis_inbox_service - INFO - Created inbox item: 7e997559-ea29-4b88-9bfb-6292888d7255 - 🌅 Daily Brief - September 16
2025-09-16 06:30:03,487 - __main__ - INFO - ✅ Created daily brief inbox item: 7e997559-ea29-4b88-9bfb-6292888d7255
2025-09-16 06:30:03,487 - __main__ - INFO - ✅ Created daily brief inbox item: 7e997559-ea29-4b88-9bfb-6292888d7255
2025-09-16 06:30:03,487 - __main__ - INFO -    Title: 🌅 Daily Brief - September 16
2025-09-16 06:30:03,487 - __main__ - INFO -    Title: 🌅 Daily Brief - September 16
2025-09-16 06:30:03,487 - __main__ - INFO -    Priority: 8
2025-09-16 06:30:03,487 - __main__ - INFO -    Priority: 8
2025-09-16 06:30:03,494 - __main__ - INFO - 🎉 Daily brief generation completed successfully
2025-09-16 06:30:03,494 - __main__ - INFO - 🎉 Daily brief generation completed successfully
2025-09-17 06:30:01,202 - __main__ - INFO - === Starting Daily Brief Generation ===
2025-09-17 06:30:01,202 - __main__ - INFO - === Starting Daily Brief Generation ===
2025-09-17 06:30:02,551 - app.services.solo_mode_service - INFO - Solo mode: enabled
2025-09-17 06:30:02,551 - app.services.solo_mode_service - INFO - Solo mode: enabled
2025-09-17 06:30:02,552 - app.services.solo_mode_service - INFO - Solo user ID: 64f37c56-85cb-4590-8de9-adfc17d343ed
2025-09-17 06:30:02,552 - app.services.solo_mode_service - INFO - Solo user ID: 64f37c56-85cb-4590-8de9-adfc17d343ed
2025-09-17 06:30:02,552 - __main__ - INFO - Generating daily brief for September 17, 2025
2025-09-17 06:30:02,552 - __main__ - INFO - Generating daily brief for September 17, 2025
2025-09-17 06:30:02,708 - app.services.jarvis_inbox_service - INFO - Created inbox item: 35ec33d0-31c8-4756-88ba-06c113440539 - 🌅 Daily Brief - September 17
2025-09-17 06:30:02,708 - app.services.jarvis_inbox_service - INFO - Created inbox item: 35ec33d0-31c8-4756-88ba-06c113440539 - 🌅 Daily Brief - September 17
2025-09-17 06:30:02,708 - __main__ - INFO - ✅ Created daily brief inbox item: 35ec33d0-31c8-4756-88ba-06c113440539
2025-09-17 06:30:02,708 - __main__ - INFO - ✅ Created daily brief inbox item: 35ec33d0-31c8-4756-88ba-06c113440539
2025-09-17 06:30:02,708 - __main__ - INFO -    Title: 🌅 Daily Brief - September 17
2025-09-17 06:30:02,708 - __main__ - INFO -    Title: 🌅 Daily Brief - September 17
2025-09-17 06:30:02,708 - __main__ - INFO -    Priority: 8
2025-09-17 06:30:02,708 - __main__ - INFO -    Priority: 8
2025-09-17 06:30:02,748 - __main__ - INFO - 📁 Archived 1 old daily brief items
2025-09-17 06:30:02,748 - __main__ - INFO - 📁 Archived 1 old daily brief items
2025-09-17 06:30:02,748 - __main__ - INFO - 🎉 Daily brief generation completed successfully
2025-09-17 06:30:02,748 - __main__ - INFO - 🎉 Daily brief generation completed successfully
2025-09-18 06:30:01,301 - __main__ - INFO - === Starting Daily Brief Generation ===
2025-09-18 06:30:01,301 - __main__ - INFO - === Starting Daily Brief Generation ===
2025-09-18 06:30:02,763 - app.services.solo_mode_service - INFO - Solo mode: enabled
2025-09-18 06:30:02,763 - app.services.solo_mode_service - INFO - Solo mode: enabled
2025-09-18 06:30:02,763 - app.services.solo_mode_service - INFO - Solo user ID: 64f37c56-85cb-4590-8de9-adfc17d343ed
2025-09-18 06:30:02,763 - app.services.solo_mode_service - INFO - Solo user ID: 64f37c56-85cb-4590-8de9-adfc17d343ed
2025-09-18 06:30:02,763 - __main__ - INFO - Generating daily brief for September 18, 2025
2025-09-18 06:30:02,763 - __main__ - INFO - Generating daily brief for September 18, 2025
2025-09-18 06:30:02,900 - app.services.jarvis_inbox_service - INFO - Created inbox item: c19ebd7e-a564-48c0-be85-87f3d8cfc53c - 🌅 Daily Brief - September 18
2025-09-18 06:30:02,900 - app.services.jarvis_inbox_service - INFO - Created inbox item: c19ebd7e-a564-48c0-be85-87f3d8cfc53c - 🌅 Daily Brief - September 18
2025-09-18 06:30:02,900 - __main__ - INFO - ✅ Created daily brief inbox item: c19ebd7e-a564-48c0-be85-87f3d8cfc53c
2025-09-18 06:30:02,900 - __main__ - INFO - ✅ Created daily brief inbox item: c19ebd7e-a564-48c0-be85-87f3d8cfc53c
2025-09-18 06:30:02,901 - __main__ - INFO -    Title: 🌅 Daily Brief - September 18
2025-09-18 06:30:02,901 - __main__ - INFO -    Title: 🌅 Daily Brief - September 18
2025-09-18 06:30:02,901 - __main__ - INFO -    Priority: 8
2025-09-18 06:30:02,901 - __main__ - INFO -    Priority: 8
2025-09-18 06:30:02,934 - __main__ - INFO - 📁 Archived 1 old daily brief items
2025-09-18 06:30:02,934 - __main__ - INFO - 📁 Archived 1 old daily brief items
2025-09-18 06:30:02,934 - __main__ - INFO - 🎉 Daily brief generation completed successfully
2025-09-18 06:30:02,934 - __main__ - INFO - 🎉 Daily brief generation completed successfully
2025-09-19 06:30:01,815 - __main__ - INFO - === Starting Daily Brief Generation ===
2025-09-19 06:30:01,815 - __main__ - INFO - === Starting Daily Brief Generation ===
2025-09-19 06:30:04,433 - app.services.solo_mode_service - INFO - Solo mode: enabled
2025-09-19 06:30:04,433 - app.services.solo_mode_service - INFO - Solo mode: enabled
2025-09-19 06:30:04,433 - app.services.solo_mode_service - INFO - Solo user ID: 64f37c56-85cb-4590-8de9-adfc17d343ed
2025-09-19 06:30:04,433 - app.services.solo_mode_service - INFO - Solo user ID: 64f37c56-85cb-4590-8de9-adfc17d343ed
2025-09-19 06:30:04,433 - __main__ - INFO - Generating daily brief for September 19, 2025
2025-09-19 06:30:04,433 - __main__ - INFO - Generating daily brief for September 19, 2025
2025-09-19 06:30:04,648 - app.services.jarvis_inbox_service - INFO - Created inbox item: e38b7e92-58da-4427-8fef-8dd4c3869cc8 - 🌅 Daily Brief - September 19
2025-09-19 06:30:04,648 - app.services.jarvis_inbox_service - INFO - Created inbox item: e38b7e92-58da-4427-8fef-8dd4c3869cc8 - 🌅 Daily Brief - September 19
2025-09-19 06:30:04,648 - __main__ - INFO - ✅ Created daily brief inbox item: e38b7e92-58da-4427-8fef-8dd4c3869cc8
2025-09-19 06:30:04,648 - __main__ - INFO - ✅ Created daily brief inbox item: e38b7e92-58da-4427-8fef-8dd4c3869cc8
2025-09-19 06:30:04,649 - __main__ - INFO -    Title: 🌅 Daily Brief - September 19
2025-09-19 06:30:04,649 - __main__ - INFO -    Title: 🌅 Daily Brief - September 19
2025-09-19 06:30:04,649 - __main__ - INFO -    Priority: 8
2025-09-19 06:30:04,649 - __main__ - INFO -    Priority: 8
2025-09-19 06:30:04,693 - __main__ - INFO - 📁 Archived 2 old daily brief items
2025-09-19 06:30:04,693 - __main__ - INFO - 📁 Archived 2 old daily brief items
2025-09-19 06:30:04,694 - __main__ - INFO - 🎉 Daily brief generation completed successfully
2025-09-19 06:30:04,694 - __main__ - INFO - 🎉 Daily brief generation completed successfully
2025-09-20 06:30:01,338 - __main__ - INFO - === Starting Daily Brief Generation ===
2025-09-20 06:30:01,338 - __main__ - INFO - === Starting Daily Brief Generation ===
2025-09-20 06:30:04,278 - app.services.solo_mode_service - INFO - Solo mode: enabled
2025-09-20 06:30:04,278 - app.services.solo_mode_service - INFO - Solo mode: enabled
2025-09-20 06:30:04,278 - app.services.solo_mode_service - INFO - Solo user ID: 64f37c56-85cb-4590-8de9-adfc17d343ed
2025-09-20 06:30:04,278 - app.services.solo_mode_service - INFO - Solo user ID: 64f37c56-85cb-4590-8de9-adfc17d343ed
2025-09-20 06:30:04,279 - __main__ - INFO - Generating daily brief for September 20, 2025
2025-09-20 06:30:04,279 - __main__ - INFO - Generating daily brief for September 20, 2025
2025-09-20 06:30:04,600 - app.services.jarvis_inbox_service - INFO - Created inbox item: d74542d2-2482-4903-9815-821a8ad62e63 - 🌅 Daily Brief - September 20
2025-09-20 06:30:04,600 - app.services.jarvis_inbox_service - INFO - Created inbox item: d74542d2-2482-4903-9815-821a8ad62e63 - 🌅 Daily Brief - September 20
2025-09-20 06:30:04,601 - __main__ - INFO - ✅ Created daily brief inbox item: d74542d2-2482-4903-9815-821a8ad62e63
2025-09-20 06:30:04,601 - __main__ - INFO - ✅ Created daily brief inbox item: d74542d2-2482-4903-9815-821a8ad62e63
2025-09-20 06:30:04,601 - __main__ - INFO -    Title: 🌅 Daily Brief - September 20
2025-09-20 06:30:04,601 - __main__ - INFO -    Title: 🌅 Daily Brief - September 20
2025-09-20 06:30:04,602 - __main__ - INFO -    Priority: 8
2025-09-20 06:30:04,602 - __main__ - INFO -    Priority: 8
2025-09-20 06:30:04,638 - __main__ - INFO - 📁 Archived 1 old daily brief items
2025-09-20 06:30:04,638 - __main__ - INFO - 📁 Archived 1 old daily brief items
2025-09-20 06:30:04,639 - __main__ - INFO - 🎉 Daily brief generation completed successfully
2025-09-20 06:30:04,639 - __main__ - INFO - 🎉 Daily brief generation completed successfully
2025-09-21 06:30:01,809 - __main__ - INFO - === Starting Daily Brief Generation ===
2025-09-21 06:30:01,809 - __main__ - INFO - === Starting Daily Brief Generation ===
2025-09-21 06:30:03,276 - app.services.solo_mode_service - INFO - Solo mode: enabled
2025-09-21 06:30:03,276 - app.services.solo_mode_service - INFO - Solo mode: enabled
2025-09-21 06:30:03,276 - app.services.solo_mode_service - INFO - Solo user ID: 64f37c56-85cb-4590-8de9-adfc17d343ed
2025-09-21 06:30:03,276 - app.services.solo_mode_service - INFO - Solo user ID: 64f37c56-85cb-4590-8de9-adfc17d343ed
2025-09-21 06:30:03,276 - __main__ - INFO - Generating daily brief for September 21, 2025
2025-09-21 06:30:03,276 - __main__ - INFO - Generating daily brief for September 21, 2025
2025-09-21 06:30:03,439 - app.services.jarvis_inbox_service - INFO - Created inbox item: 9b20bb26-0b58-4f93-af63-4c9b7a663988 - 🌅 Daily Brief - September 21
2025-09-21 06:30:03,439 - app.services.jarvis_inbox_service - INFO - Created inbox item: 9b20bb26-0b58-4f93-af63-4c9b7a663988 - 🌅 Daily Brief - September 21
2025-09-21 06:30:03,439 - __main__ - INFO - ✅ Created daily brief inbox item: 9b20bb26-0b58-4f93-af63-4c9b7a663988
2025-09-21 06:30:03,439 - __main__ - INFO - ✅ Created daily brief inbox item: 9b20bb26-0b58-4f93-af63-4c9b7a663988
2025-09-21 06:30:03,440 - __main__ - INFO -    Title: 🌅 Daily Brief - September 21
2025-09-21 06:30:03,440 - __main__ - INFO -    Title: 🌅 Daily Brief - September 21
2025-09-21 06:30:03,440 - __main__ - INFO -    Priority: 8
2025-09-21 06:30:03,440 - __main__ - INFO -    Priority: 8
2025-09-21 06:30:03,453 - __main__ - INFO - 🎉 Daily brief generation completed successfully
2025-09-21 06:30:03,453 - __main__ - INFO - 🎉 Daily brief generation completed successfully
2025-09-22 06:30:01,713 - __main__ - INFO - === Starting Daily Brief Generation ===
2025-09-22 06:30:01,713 - __main__ - INFO - === Starting Daily Brief Generation ===
2025-09-22 06:30:02,976 - app.services.solo_mode_service - INFO - Solo mode: enabled
2025-09-22 06:30:02,976 - app.services.solo_mode_service - INFO - Solo mode: enabled
2025-09-22 06:30:02,976 - app.services.solo_mode_service - INFO - Solo user ID: 64f37c56-85cb-4590-8de9-adfc17d343ed
2025-09-22 06:30:02,976 - app.services.solo_mode_service - INFO - Solo user ID: 64f37c56-85cb-4590-8de9-adfc17d343ed
2025-09-22 06:30:02,977 - __main__ - INFO - Generating daily brief for September 22, 2025
2025-09-22 06:30:02,977 - __main__ - INFO - Generating daily brief for September 22, 2025
2025-09-22 06:30:03,163 - app.services.jarvis_inbox_service - INFO - Created inbox item: 48e70090-b206-4304-aac0-dd06abadae91 - 🌅 Daily Brief - September 22
2025-09-22 06:30:03,163 - app.services.jarvis_inbox_service - INFO - Created inbox item: 48e70090-b206-4304-aac0-dd06abadae91 - 🌅 Daily Brief - September 22
2025-09-22 06:30:03,163 - __main__ - INFO - ✅ Created daily brief inbox item: 48e70090-b206-4304-aac0-dd06abadae91
2025-09-22 06:30:03,163 - __main__ - INFO - ✅ Created daily brief inbox item: 48e70090-b206-4304-aac0-dd06abadae91
2025-09-22 06:30:03,163 - __main__ - INFO -    Title: 🌅 Daily Brief - September 22
2025-09-22 06:30:03,163 - __main__ - INFO -    Title: 🌅 Daily Brief - September 22
2025-09-22 06:30:03,163 - __main__ - INFO -    Priority: 8
2025-09-22 06:30:03,163 - __main__ - INFO -    Priority: 8
2025-09-22 06:30:03,194 - __main__ - INFO - 📁 Archived 1 old daily brief items
2025-09-22 06:30:03,194 - __main__ - INFO - 📁 Archived 1 old daily brief items
2025-09-22 06:30:03,194 - __main__ - INFO - 🎉 Daily brief generation completed successfully
2025-09-22 06:30:03,194 - __main__ - INFO - 🎉 Daily brief generation completed successfully
2025-09-23 06:30:01,436 - __main__ - INFO - === Starting Daily Brief Generation ===
2025-09-23 06:30:01,436 - __main__ - INFO - === Starting Daily Brief Generation ===
2025-09-23 06:30:02,777 - app.services.solo_mode_service - INFO - Solo mode: enabled
2025-09-23 06:30:02,777 - app.services.solo_mode_service - INFO - Solo mode: enabled
2025-09-23 06:30:02,777 - app.services.solo_mode_service - INFO - Solo user ID: 64f37c56-85cb-4590-8de9-adfc17d343ed
2025-09-23 06:30:02,777 - app.services.solo_mode_service - INFO - Solo user ID: 64f37c56-85cb-4590-8de9-adfc17d343ed
2025-09-23 06:30:02,777 - __main__ - INFO - Generating daily brief for September 23, 2025
2025-09-23 06:30:02,777 - __main__ - INFO - Generating daily brief for September 23, 2025
2025-09-23 06:30:02,963 - app.services.jarvis_inbox_service - INFO - Created inbox item: 6844bf7b-68e2-4467-94be-39c89a9d45a1 - 🌅 Daily Brief - September 23
2025-09-23 06:30:02,963 - app.services.jarvis_inbox_service - INFO - Created inbox item: 6844bf7b-68e2-4467-94be-39c89a9d45a1 - 🌅 Daily Brief - September 23
2025-09-23 06:30:02,964 - __main__ - INFO - ✅ Created daily brief inbox item: 6844bf7b-68e2-4467-94be-39c89a9d45a1
2025-09-23 06:30:02,964 - __main__ - INFO - ✅ Created daily brief inbox item: 6844bf7b-68e2-4467-94be-39c89a9d45a1
2025-09-23 06:30:02,964 - __main__ - INFO -    Title: 🌅 Daily Brief - September 23
2025-09-23 06:30:02,964 - __main__ - INFO -    Title: 🌅 Daily Brief - September 23
2025-09-23 06:30:02,964 - __main__ - INFO -    Priority: 8
2025-09-23 06:30:02,964 - __main__ - INFO -    Priority: 8
2025-09-23 06:30:02,978 - __main__ - INFO - 📁 Archived 1 old daily brief items
2025-09-23 06:30:02,978 - __main__ - INFO - 📁 Archived 1 old daily brief items
2025-09-23 06:30:02,979 - __main__ - INFO - 🎉 Daily brief generation completed successfully
2025-09-23 06:30:02,979 - __main__ - INFO - 🎉 Daily brief generation completed successfully
2025-09-24 06:30:01,420 - __main__ - INFO - === Starting Daily Brief Generation ===
2025-09-24 06:30:01,420 - __main__ - INFO - === Starting Daily Brief Generation ===
2025-09-24 06:30:02,980 - app.services.solo_mode_service - INFO - Solo mode: enabled
2025-09-24 06:30:02,980 - app.services.solo_mode_service - INFO - Solo mode: enabled
2025-09-24 06:30:02,980 - app.services.solo_mode_service - INFO - Solo user ID: 64f37c56-85cb-4590-8de9-adfc17d343ed
2025-09-24 06:30:02,980 - app.services.solo_mode_service - INFO - Solo user ID: 64f37c56-85cb-4590-8de9-adfc17d343ed
2025-09-24 06:30:02,980 - __main__ - INFO - Generating daily brief for September 24, 2025
2025-09-24 06:30:02,980 - __main__ - INFO - Generating daily brief for September 24, 2025
2025-09-24 06:30:03,162 - app.services.jarvis_inbox_service - INFO - Created inbox item: 1ecfb4af-a25a-4cec-822a-e0003298f111 - 🌅 Daily Brief - September 24
2025-09-24 06:30:03,162 - app.services.jarvis_inbox_service - INFO - Created inbox item: 1ecfb4af-a25a-4cec-822a-e0003298f111 - 🌅 Daily Brief - September 24
2025-09-24 06:30:03,162 - __main__ - INFO - ✅ Created daily brief inbox item: 1ecfb4af-a25a-4cec-822a-e0003298f111
2025-09-24 06:30:03,162 - __main__ - INFO - ✅ Created daily brief inbox item: 1ecfb4af-a25a-4cec-822a-e0003298f111
2025-09-24 06:30:03,162 - __main__ - INFO -    Title: 🌅 Daily Brief - September 24
2025-09-24 06:30:03,162 - __main__ - INFO -    Title: 🌅 Daily Brief - September 24
2025-09-24 06:30:03,162 - __main__ - INFO -    Priority: 8
2025-09-24 06:30:03,162 - __main__ - INFO -    Priority: 8
2025-09-24 06:30:03,182 - __main__ - INFO - 📁 Archived 2 old daily brief items
2025-09-24 06:30:03,182 - __main__ - INFO - 📁 Archived 2 old daily brief items
2025-09-24 06:30:03,182 - __main__ - INFO - 🎉 Daily brief generation completed successfully
2025-09-24 06:30:03,182 - __main__ - INFO - 🎉 Daily brief generation completed successfully
2025-09-25 06:30:02,182 - __main__ - INFO - === Starting Daily Brief Generation ===
2025-09-25 06:30:02,182 - __main__ - INFO - === Starting Daily Brief Generation ===
2025-09-25 06:30:06,447 - app.services.solo_mode_service - INFO - Solo mode: enabled
2025-09-25 06:30:06,447 - app.services.solo_mode_service - INFO - Solo mode: enabled
2025-09-25 06:30:06,448 - app.services.solo_mode_service - INFO - Solo user ID: 64f37c56-85cb-4590-8de9-adfc17d343ed
2025-09-25 06:30:06,448 - app.services.solo_mode_service - INFO - Solo user ID: 64f37c56-85cb-4590-8de9-adfc17d343ed
2025-09-25 06:30:06,449 - __main__ - INFO - Generating daily brief for September 25, 2025
2025-09-25 06:30:06,449 - __main__ - INFO - Generating daily brief for September 25, 2025
2025-09-25 06:30:06,805 - app.services.jarvis_inbox_service - INFO - Created inbox item: 552db6cc-c20b-4b6f-91a1-1904bea32016 - 🌅 Daily Brief - September 25
2025-09-25 06:30:06,805 - app.services.jarvis_inbox_service - INFO - Created inbox item: 552db6cc-c20b-4b6f-91a1-1904bea32016 - 🌅 Daily Brief - September 25
2025-09-25 06:30:06,806 - __main__ - INFO - ✅ Created daily brief inbox item: 552db6cc-c20b-4b6f-91a1-1904bea32016
2025-09-25 06:30:06,806 - __main__ - INFO - ✅ Created daily brief inbox item: 552db6cc-c20b-4b6f-91a1-1904bea32016
2025-09-25 06:30:06,806 - __main__ - INFO -    Title: 🌅 Daily Brief - September 25
2025-09-25 06:30:06,806 - __main__ - INFO -    Title: 🌅 Daily Brief - September 25
2025-09-25 06:30:06,807 - __main__ - INFO -    Priority: 8
2025-09-25 06:30:06,807 - __main__ - INFO -    Priority: 8
2025-09-25 06:30:06,835 - __main__ - INFO - 📁 Archived 1 old daily brief items
2025-09-25 06:30:06,835 - __main__ - INFO - 📁 Archived 1 old daily brief items
2025-09-25 06:30:06,835 - __main__ - INFO - 🎉 Daily brief generation completed successfully
2025-09-25 06:30:06,835 - __main__ - INFO - 🎉 Daily brief generation completed successfully
2025-09-26 06:30:01,305 - __main__ - INFO - === Starting Daily Brief Generation ===
2025-09-26 06:30:01,305 - __main__ - INFO - === Starting Daily Brief Generation ===
2025-09-26 06:30:05,283 - app.services.solo_mode_service - INFO - Solo mode: enabled
2025-09-26 06:30:05,283 - app.services.solo_mode_service - INFO - Solo mode: enabled
2025-09-26 06:30:05,284 - app.services.solo_mode_service - INFO - Solo user ID: 64f37c56-85cb-4590-8de9-adfc17d343ed
2025-09-26 06:30:05,284 - app.services.solo_mode_service - INFO - Solo user ID: 64f37c56-85cb-4590-8de9-adfc17d343ed
2025-09-26 06:30:05,284 - __main__ - INFO - Generating daily brief for September 26, 2025
2025-09-26 06:30:05,284 - __main__ - INFO - Generating daily brief for September 26, 2025
2025-09-26 06:30:05,714 - app.services.jarvis_inbox_service - INFO - Created inbox item: ca638178-fe82-4ff0-a898-83230fba6c95 - 🌅 Daily Brief - September 26
2025-09-26 06:30:05,714 - app.services.jarvis_inbox_service - INFO - Created inbox item: ca638178-fe82-4ff0-a898-83230fba6c95 - 🌅 Daily Brief - September 26
2025-09-26 06:30:05,715 - __main__ - INFO - ✅ Created daily brief inbox item: ca638178-fe82-4ff0-a898-83230fba6c95
2025-09-26 06:30:05,715 - __main__ - INFO - ✅ Created daily brief inbox item: ca638178-fe82-4ff0-a898-83230fba6c95
2025-09-26 06:30:05,715 - __main__ - INFO -    Title: 🌅 Daily Brief - September 26
2025-09-26 06:30:05,715 - __main__ - INFO -    Title: 🌅 Daily Brief - September 26
2025-09-26 06:30:05,715 - __main__ - INFO -    Priority: 8
2025-09-26 06:30:05,715 - __main__ - INFO -    Priority: 8
2025-09-26 06:30:05,744 - __main__ - INFO - 📁 Archived 1 old daily brief items
2025-09-26 06:30:05,744 - __main__ - INFO - 📁 Archived 1 old daily brief items
2025-09-26 06:30:05,745 - __main__ - INFO - 🎉 Daily brief generation completed successfully
2025-09-26 06:30:05,745 - __main__ - INFO - 🎉 Daily brief generation completed successfully
2025-09-27 06:30:01,686 - __main__ - INFO - === Starting Daily Brief Generation ===
2025-09-27 06:30:01,686 - __main__ - INFO - === Starting Daily Brief Generation ===
2025-09-27 06:30:04,365 - app.services.solo_mode_service - INFO - Solo mode: enabled
2025-09-27 06:30:04,365 - app.services.solo_mode_service - INFO - Solo mode: enabled
2025-09-27 06:30:04,365 - app.services.solo_mode_service - INFO - Solo user ID: 64f37c56-85cb-4590-8de9-adfc17d343ed
2025-09-27 06:30:04,365 - app.services.solo_mode_service - INFO - Solo user ID: 64f37c56-85cb-4590-8de9-adfc17d343ed
2025-09-27 06:30:04,366 - __main__ - INFO - Generating daily brief for September 27, 2025
2025-09-27 06:30:04,366 - __main__ - INFO - Generating daily brief for September 27, 2025
2025-09-27 06:30:04,639 - app.services.jarvis_inbox_service - INFO - Created inbox item: 988a846b-d657-4eb8-a45c-60c68b217176 - 🌅 Daily Brief - September 27
2025-09-27 06:30:04,639 - app.services.jarvis_inbox_service - INFO - Created inbox item: 988a846b-d657-4eb8-a45c-60c68b217176 - 🌅 Daily Brief - September 27
2025-09-27 06:30:04,639 - __main__ - INFO - ✅ Created daily brief inbox item: 988a846b-d657-4eb8-a45c-60c68b217176
2025-09-27 06:30:04,639 - __main__ - INFO - ✅ Created daily brief inbox item: 988a846b-d657-4eb8-a45c-60c68b217176
2025-09-27 06:30:04,639 - __main__ - INFO -    Title: 🌅 Daily Brief - September 27
2025-09-27 06:30:04,639 - __main__ - INFO -    Title: 🌅 Daily Brief - September 27
2025-09-27 06:30:04,640 - __main__ - INFO -    Priority: 8
2025-09-27 06:30:04,640 - __main__ - INFO -    Priority: 8
2025-09-27 06:30:04,665 - __main__ - INFO - 📁 Archived 1 old daily brief items
2025-09-27 06:30:04,665 - __main__ - INFO - 📁 Archived 1 old daily brief items
2025-09-27 06:30:04,666 - __main__ - INFO - 🎉 Daily brief generation completed successfully
2025-09-27 06:30:04,666 - __main__ - INFO - 🎉 Daily brief generation completed successfully
2025-09-28 06:30:02,187 - __main__ - INFO - === Starting Daily Brief Generation ===
2025-09-28 06:30:02,187 - __main__ - INFO - === Starting Daily Brief Generation ===
2025-09-28 06:30:06,252 - app.services.solo_mode_service - INFO - Solo mode: enabled
2025-09-28 06:30:06,252 - app.services.solo_mode_service - INFO - Solo mode: enabled
2025-09-28 06:30:06,253 - app.services.solo_mode_service - INFO - Solo user ID: 64f37c56-85cb-4590-8de9-adfc17d343ed
2025-09-28 06:30:06,253 - app.services.solo_mode_service - INFO - Solo user ID: 64f37c56-85cb-4590-8de9-adfc17d343ed
2025-09-28 06:30:06,253 - __main__ - INFO - Generating daily brief for September 28, 2025
2025-09-28 06:30:06,253 - __main__ - INFO - Generating daily brief for September 28, 2025
2025-09-28 06:30:06,604 - app.services.jarvis_inbox_service - INFO - Created inbox item: 6e9d9eba-e5c1-4e68-889f-e5d57e85e1aa - 🌅 Daily Brief - September 28
2025-09-28 06:30:06,604 - app.services.jarvis_inbox_service - INFO - Created inbox item: 6e9d9eba-e5c1-4e68-889f-e5d57e85e1aa - 🌅 Daily Brief - September 28
2025-09-28 06:30:06,605 - __main__ - INFO - ✅ Created daily brief inbox item: 6e9d9eba-e5c1-4e68-889f-e5d57e85e1aa
2025-09-28 06:30:06,605 - __main__ - INFO - ✅ Created daily brief inbox item: 6e9d9eba-e5c1-4e68-889f-e5d57e85e1aa
2025-09-28 06:30:06,605 - __main__ - INFO -    Title: 🌅 Daily Brief - September 28
2025-09-28 06:30:06,605 - __main__ - INFO -    Title: 🌅 Daily Brief - September 28
2025-09-28 06:30:06,605 - __main__ - INFO -    Priority: 8
2025-09-28 06:30:06,605 - __main__ - INFO -    Priority: 8
2025-09-28 06:30:06,635 - __main__ - INFO - 📁 Archived 1 old daily brief items
2025-09-28 06:30:06,635 - __main__ - INFO - 📁 Archived 1 old daily brief items
2025-09-28 06:30:06,635 - __main__ - INFO - 🎉 Daily brief generation completed successfully
2025-09-28 06:30:06,635 - __main__ - INFO - 🎉 Daily brief generation completed successfully
2025-09-29 06:30:01,508 - __main__ - INFO - === Starting Daily Brief Generation ===
2025-09-29 06:30:01,508 - __main__ - INFO - === Starting Daily Brief Generation ===
2025-09-29 06:30:03,143 - app.services.solo_mode_service - INFO - Solo mode: enabled
2025-09-29 06:30:03,143 - app.services.solo_mode_service - INFO - Solo mode: enabled
2025-09-29 06:30:03,143 - app.services.solo_mode_service - INFO - Solo user ID: 64f37c56-85cb-4590-8de9-adfc17d343ed
2025-09-29 06:30:03,143 - app.services.solo_mode_service - INFO - Solo user ID: 64f37c56-85cb-4590-8de9-adfc17d343ed
2025-09-29 06:30:03,143 - __main__ - INFO - Generating daily brief for September 29, 2025
2025-09-29 06:30:03,143 - __main__ - INFO - Generating daily brief for September 29, 2025
2025-09-29 06:30:03,334 - app.services.jarvis_inbox_service - INFO - Created inbox item: c9863a10-980c-46ad-addb-8318330d9070 - 🌅 Daily Brief - September 29
2025-09-29 06:30:03,334 - app.services.jarvis_inbox_service - INFO - Created inbox item: c9863a10-980c-46ad-addb-8318330d9070 - 🌅 Daily Brief - September 29
2025-09-29 06:30:03,334 - __main__ - INFO - ✅ Created daily brief inbox item: c9863a10-980c-46ad-addb-8318330d9070
2025-09-29 06:30:03,334 - __main__ - INFO - ✅ Created daily brief inbox item: c9863a10-980c-46ad-addb-8318330d9070
2025-09-29 06:30:03,334 - __main__ - INFO -    Title: 🌅 Daily Brief - September 29
2025-09-29 06:30:03,334 - __main__ - INFO -    Title: 🌅 Daily Brief - September 29
2025-09-29 06:30:03,335 - __main__ - INFO -    Priority: 8
2025-09-29 06:30:03,335 - __main__ - INFO -    Priority: 8
2025-09-29 06:30:03,348 - __main__ - INFO - 📁 Archived 1 old daily brief items
2025-09-29 06:30:03,348 - __main__ - INFO - 📁 Archived 1 old daily brief items
2025-09-29 06:30:03,348 - __main__ - INFO - 🎉 Daily brief generation completed successfully
2025-09-29 06:30:03,348 - __main__ - INFO - 🎉 Daily brief generation completed successfully
2025-09-30 06:30:02,026 - __main__ - INFO - === Starting Daily Brief Generation ===
2025-09-30 06:30:02,026 - __main__ - INFO - === Starting Daily Brief Generation ===
2025-09-30 06:30:03,525 - app.services.solo_mode_service - INFO - Solo mode: enabled
2025-09-30 06:30:03,525 - app.services.solo_mode_service - INFO - Solo mode: enabled
2025-09-30 06:30:03,525 - app.services.solo_mode_service - INFO - Solo user ID: 64f37c56-85cb-4590-8de9-adfc17d343ed
2025-09-30 06:30:03,525 - app.services.solo_mode_service - INFO - Solo user ID: 64f37c56-85cb-4590-8de9-adfc17d343ed
2025-09-30 06:30:03,526 - __main__ - INFO - Generating daily brief for September 30, 2025
2025-09-30 06:30:03,526 - __main__ - INFO - Generating daily brief for September 30, 2025
2025-09-30 06:30:03,771 - app.services.jarvis_inbox_service - INFO - Created inbox item: ff03f1fe-5bf6-48a0-ae51-401bcd75e78e - 🌅 Daily Brief - September 30
2025-09-30 06:30:03,771 - app.services.jarvis_inbox_service - INFO - Created inbox item: ff03f1fe-5bf6-48a0-ae51-401bcd75e78e - 🌅 Daily Brief - September 30
2025-09-30 06:30:03,772 - __main__ - INFO - ✅ Created daily brief inbox item: ff03f1fe-5bf6-48a0-ae51-401bcd75e78e
2025-09-30 06:30:03,772 - __main__ - INFO - ✅ Created daily brief inbox item: ff03f1fe-5bf6-48a0-ae51-401bcd75e78e
2025-09-30 06:30:03,772 - __main__ - INFO -    Title: 🌅 Daily Brief - September 30
2025-09-30 06:30:03,772 - __main__ - INFO -    Title: 🌅 Daily Brief - September 30
2025-09-30 06:30:03,772 - __main__ - INFO -    Priority: 8
2025-09-30 06:30:03,772 - __main__ - INFO -    Priority: 8
2025-09-30 06:30:03,798 - __main__ - INFO - 📁 Archived 1 old daily brief items
2025-09-30 06:30:03,798 - __main__ - INFO - 📁 Archived 1 old daily brief items
2025-09-30 06:30:03,799 - __main__ - INFO - 🎉 Daily brief generation completed successfully
2025-09-30 06:30:03,799 - __main__ - INFO - 🎉 Daily brief generation completed successfully
2025-10-01 06:30:01,919 - __main__ - INFO - === Starting Daily Brief Generation ===
2025-10-01 06:30:01,919 - __main__ - INFO - === Starting Daily Brief Generation ===
2025-10-01 06:30:04,045 - app.services.solo_mode_service - INFO - Solo mode: enabled
2025-10-01 06:30:04,045 - app.services.solo_mode_service - INFO - Solo mode: enabled
2025-10-01 06:30:04,046 - app.services.solo_mode_service - INFO - Solo user ID: 64f37c56-85cb-4590-8de9-adfc17d343ed
2025-10-01 06:30:04,046 - app.services.solo_mode_service - INFO - Solo user ID: 64f37c56-85cb-4590-8de9-adfc17d343ed
2025-10-01 06:30:04,046 - __main__ - INFO - Generating daily brief for October 01, 2025
2025-10-01 06:30:04,046 - __main__ - INFO - Generating daily brief for October 01, 2025
2025-10-01 06:30:04,344 - app.services.jarvis_inbox_service - INFO - Created inbox item: 13cf409d-fc98-477c-96cb-59296ada852e - 🌅 Daily Brief - October 01
2025-10-01 06:30:04,344 - app.services.jarvis_inbox_service - INFO - Created inbox item: 13cf409d-fc98-477c-96cb-59296ada852e - 🌅 Daily Brief - October 01
2025-10-01 06:30:04,345 - __main__ - INFO - ✅ Created daily brief inbox item: 13cf409d-fc98-477c-96cb-59296ada852e
2025-10-01 06:30:04,345 - __main__ - INFO - ✅ Created daily brief inbox item: 13cf409d-fc98-477c-96cb-59296ada852e
2025-10-01 06:30:04,345 - __main__ - INFO -    Title: 🌅 Daily Brief - October 01
2025-10-01 06:30:04,345 - __main__ - INFO -    Title: 🌅 Daily Brief - October 01
2025-10-01 06:30:04,345 - __main__ - INFO -    Priority: 8
2025-10-01 06:30:04,345 - __main__ - INFO -    Priority: 8
2025-10-01 06:30:04,360 - __main__ - INFO - 📁 Archived 1 old daily brief items
2025-10-01 06:30:04,360 - __main__ - INFO - 📁 Archived 1 old daily brief items
2025-10-01 06:30:04,360 - __main__ - INFO - 🎉 Daily brief generation completed successfully
2025-10-01 06:30:04,360 - __main__ - INFO - 🎉 Daily brief generation completed successfully
2025-10-02 06:30:01,921 - __main__ - INFO - === Starting Daily Brief Generation ===
2025-10-02 06:30:01,921 - __main__ - INFO - === Starting Daily Brief Generation ===
2025-10-02 06:30:04,184 - app.services.solo_mode_service - INFO - Solo mode: enabled
2025-10-02 06:30:04,184 - app.services.solo_mode_service - INFO - Solo mode: enabled
2025-10-02 06:30:04,184 - app.services.solo_mode_service - INFO - Solo user ID: 64f37c56-85cb-4590-8de9-adfc17d343ed
2025-10-02 06:30:04,184 - app.services.solo_mode_service - INFO - Solo user ID: 64f37c56-85cb-4590-8de9-adfc17d343ed
2025-10-02 06:30:04,185 - __main__ - INFO - Generating daily brief for October 02, 2025
2025-10-02 06:30:04,185 - __main__ - INFO - Generating daily brief for October 02, 2025
2025-10-02 06:30:04,508 - app.services.jarvis_inbox_service - INFO - Created inbox item: 7f0d363d-0e0a-4065-bf0a-e14cfcbbd2c2 - 🌅 Daily Brief - October 02
2025-10-02 06:30:04,508 - app.services.jarvis_inbox_service - INFO - Created inbox item: 7f0d363d-0e0a-4065-bf0a-e14cfcbbd2c2 - 🌅 Daily Brief - October 02
2025-10-02 06:30:04,509 - __main__ - INFO - ✅ Created daily brief inbox item: 7f0d363d-0e0a-4065-bf0a-e14cfcbbd2c2
2025-10-02 06:30:04,509 - __main__ - INFO - ✅ Created daily brief inbox item: 7f0d363d-0e0a-4065-bf0a-e14cfcbbd2c2
2025-10-02 06:30:04,509 - __main__ - INFO -    Title: 🌅 Daily Brief - October 02
2025-10-02 06:30:04,509 - __main__ - INFO -    Title: 🌅 Daily Brief - October 02
2025-10-02 06:30:04,509 - __main__ - INFO -    Priority: 8
2025-10-02 06:30:04,509 - __main__ - INFO -    Priority: 8
2025-10-02 06:30:04,530 - __main__ - INFO - 🎉 Daily brief generation completed successfully
2025-10-02 06:30:04,530 - __main__ - INFO - 🎉 Daily brief generation completed successfully
2025-10-03 06:30:01,464 - __main__ - INFO - === Starting Daily Brief Generation ===
2025-10-03 06:30:01,464 - __main__ - INFO - === Starting Daily Brief Generation ===
2025-10-03 06:30:02,907 - app.services.solo_mode_service - INFO - Solo mode: enabled
2025-10-03 06:30:02,907 - app.services.solo_mode_service - INFO - Solo mode: enabled
2025-10-03 06:30:02,907 - app.services.solo_mode_service - INFO - Solo user ID: 64f37c56-85cb-4590-8de9-adfc17d343ed
2025-10-03 06:30:02,907 - app.services.solo_mode_service - INFO - Solo user ID: 64f37c56-85cb-4590-8de9-adfc17d343ed
2025-10-03 06:30:02,907 - __main__ - INFO - Generating daily brief for October 03, 2025
2025-10-03 06:30:02,907 - __main__ - INFO - Generating daily brief for October 03, 2025
2025-10-03 06:30:03,136 - app.services.jarvis_inbox_service - INFO - Created inbox item: 184c1812-8768-4f86-8363-19797dd76d1c - 🌅 Daily Brief - October 03
2025-10-03 06:30:03,136 - app.services.jarvis_inbox_service - INFO - Created inbox item: 184c1812-8768-4f86-8363-19797dd76d1c - 🌅 Daily Brief - October 03
2025-10-03 06:30:03,137 - __main__ - INFO - ✅ Created daily brief inbox item: 184c1812-8768-4f86-8363-19797dd76d1c
2025-10-03 06:30:03,137 - __main__ - INFO - ✅ Created daily brief inbox item: 184c1812-8768-4f86-8363-19797dd76d1c
2025-10-03 06:30:03,137 - __main__ - INFO -    Title: 🌅 Daily Brief - October 03
2025-10-03 06:30:03,137 - __main__ - INFO -    Title: 🌅 Daily Brief - October 03
2025-10-03 06:30:03,137 - __main__ - INFO -    Priority: 8
2025-10-03 06:30:03,137 - __main__ - INFO -    Priority: 8
2025-10-03 06:30:03,159 - __main__ - INFO - 📁 Archived 1 old daily brief items
2025-10-03 06:30:03,159 - __main__ - INFO - 📁 Archived 1 old daily brief items
2025-10-03 06:30:03,159 - __main__ - INFO - 🎉 Daily brief generation completed successfully
2025-10-03 06:30:03,159 - __main__ - INFO - 🎉 Daily brief generation completed successfully
2025-10-04 06:30:01,717 - __main__ - INFO - === Starting Daily Brief Generation ===
2025-10-04 06:30:01,717 - __main__ - INFO - === Starting Daily Brief Generation ===
2025-10-04 06:30:04,437 - app.services.solo_mode_service - INFO - Solo mode: enabled
2025-10-04 06:30:04,437 - app.services.solo_mode_service - INFO - Solo mode: enabled
2025-10-04 06:30:04,438 - app.services.solo_mode_service - INFO - Solo user ID: 64f37c56-85cb-4590-8de9-adfc17d343ed
2025-10-04 06:30:04,438 - app.services.solo_mode_service - INFO - Solo user ID: 64f37c56-85cb-4590-8de9-adfc17d343ed
2025-10-04 06:30:04,438 - __main__ - INFO - Generating daily brief for October 04, 2025
2025-10-04 06:30:04,438 - __main__ - INFO - Generating daily brief for October 04, 2025
2025-10-04 06:30:04,823 - app.services.jarvis_inbox_service - INFO - Created inbox item: efc0cd0f-1759-4509-8424-e55cb6c23ec8 - 🌅 Daily Brief - October 04
2025-10-04 06:30:04,823 - app.services.jarvis_inbox_service - INFO - Created inbox item: efc0cd0f-1759-4509-8424-e55cb6c23ec8 - 🌅 Daily Brief - October 04
2025-10-04 06:30:04,824 - __main__ - INFO - ✅ Created daily brief inbox item: efc0cd0f-1759-4509-8424-e55cb6c23ec8
2025-10-04 06:30:04,824 - __main__ - INFO - ✅ Created daily brief inbox item: efc0cd0f-1759-4509-8424-e55cb6c23ec8
2025-10-04 06:30:04,824 - __main__ - INFO -    Title: 🌅 Daily Brief - October 04
2025-10-04 06:30:04,824 - __main__ - INFO -    Title: 🌅 Daily Brief - October 04
2025-10-04 06:30:04,824 - __main__ - INFO -    Priority: 8
2025-10-04 06:30:04,824 - __main__ - INFO -    Priority: 8
2025-10-04 06:30:04,881 - __main__ - INFO - 📁 Archived 2 old daily brief items
2025-10-04 06:30:04,881 - __main__ - INFO - 📁 Archived 2 old daily brief items
2025-10-04 06:30:04,882 - __main__ - INFO - 🎉 Daily brief generation completed successfully
2025-10-04 06:30:04,882 - __main__ - INFO - 🎉 Daily brief generation completed successfully
2025-10-05 06:30:01,986 - __main__ - INFO - === Starting Daily Brief Generation ===
2025-10-05 06:30:01,986 - __main__ - INFO - === Starting Daily Brief Generation ===
2025-10-05 06:30:04,182 - app.services.solo_mode_service - INFO - Solo mode: enabled
2025-10-05 06:30:04,182 - app.services.solo_mode_service - INFO - Solo mode: enabled
2025-10-05 06:30:04,183 - app.services.solo_mode_service - INFO - Solo user ID: 64f37c56-85cb-4590-8de9-adfc17d343ed
2025-10-05 06:30:04,183 - app.services.solo_mode_service - INFO - Solo user ID: 64f37c56-85cb-4590-8de9-adfc17d343ed
2025-10-05 06:30:04,183 - __main__ - INFO - Generating daily brief for October 05, 2025
2025-10-05 06:30:04,183 - __main__ - INFO - Generating daily brief for October 05, 2025
2025-10-05 06:30:04,390 - app.services.jarvis_inbox_service - INFO - Created inbox item: f937fa29-e085-4da2-88a5-9b5a7a0e8d22 - 🌅 Daily Brief - October 05
2025-10-05 06:30:04,390 - app.services.jarvis_inbox_service - INFO - Created inbox item: f937fa29-e085-4da2-88a5-9b5a7a0e8d22 - 🌅 Daily Brief - October 05
2025-10-05 06:30:04,390 - __main__ - INFO - ✅ Created daily brief inbox item: f937fa29-e085-4da2-88a5-9b5a7a0e8d22
2025-10-05 06:30:04,390 - __main__ - INFO - ✅ Created daily brief inbox item: f937fa29-e085-4da2-88a5-9b5a7a0e8d22
2025-10-05 06:30:04,391 - __main__ - INFO -    Title: 🌅 Daily Brief - October 05
2025-10-05 06:30:04,391 - __main__ - INFO -    Title: 🌅 Daily Brief - October 05
2025-10-05 06:30:04,391 - __main__ - INFO -    Priority: 8
2025-10-05 06:30:04,391 - __main__ - INFO -    Priority: 8
2025-10-05 06:30:04,398 - __main__ - INFO - 🎉 Daily brief generation completed successfully
2025-10-05 06:30:04,398 - __main__ - INFO - 🎉 Daily brief generation completed successfully
2025-10-06 06:30:01,393 - __main__ - INFO - === Starting Daily Brief Generation ===
2025-10-06 06:30:01,393 - __main__ - INFO - === Starting Daily Brief Generation ===
2025-10-06 06:30:05,816 - app.services.solo_mode_service - INFO - Solo mode: enabled
2025-10-06 06:30:05,816 - app.services.solo_mode_service - INFO - Solo mode: enabled
2025-10-06 06:30:05,817 - app.services.solo_mode_service - INFO - Solo user ID: 64f37c56-85cb-4590-8de9-adfc17d343ed
2025-10-06 06:30:05,817 - app.services.solo_mode_service - INFO - Solo user ID: 64f37c56-85cb-4590-8de9-adfc17d343ed
2025-10-06 06:30:05,817 - __main__ - INFO - Generating daily brief for October 06, 2025
2025-10-06 06:30:05,817 - __main__ - INFO - Generating daily brief for October 06, 2025
2025-10-06 06:30:06,262 - app.services.jarvis_inbox_service - INFO - Created inbox item: 45a8cce8-d59c-4ee6-a2b7-9b44f0d98cc1 - 🌅 Daily Brief - October 06
2025-10-06 06:30:06,262 - app.services.jarvis_inbox_service - INFO - Created inbox item: 45a8cce8-d59c-4ee6-a2b7-9b44f0d98cc1 - 🌅 Daily Brief - October 06
2025-10-06 06:30:06,262 - __main__ - INFO - ✅ Created daily brief inbox item: 45a8cce8-d59c-4ee6-a2b7-9b44f0d98cc1
2025-10-06 06:30:06,262 - __main__ - INFO - ✅ Created daily brief inbox item: 45a8cce8-d59c-4ee6-a2b7-9b44f0d98cc1
2025-10-06 06:30:06,263 - __main__ - INFO -    Title: 🌅 Daily Brief - October 06
2025-10-06 06:30:06,263 - __main__ - INFO -    Title: 🌅 Daily Brief - October 06
2025-10-06 06:30:06,263 - __main__ - INFO -    Priority: 8
2025-10-06 06:30:06,263 - __main__ - INFO -    Priority: 8
2025-10-06 06:30:06,316 - __main__ - INFO - 📁 Archived 2 old daily brief items
2025-10-06 06:30:06,316 - __main__ - INFO - 📁 Archived 2 old daily brief items
2025-10-06 06:30:06,317 - __main__ - INFO - 🎉 Daily brief generation completed successfully
2025-10-06 06:30:06,317 - __main__ - INFO - 🎉 Daily brief generation completed successfully
2025-10-07 06:30:01,895 - __main__ - INFO - === Starting Daily Brief Generation ===
2025-10-07 06:30:01,895 - __main__ - INFO - === Starting Daily Brief Generation ===
2025-10-07 06:30:03,447 - app.services.solo_mode_service - INFO - Solo mode: enabled
2025-10-07 06:30:03,447 - app.services.solo_mode_service - INFO - Solo mode: enabled
2025-10-07 06:30:03,448 - app.services.solo_mode_service - INFO - Solo user ID: 64f37c56-85cb-4590-8de9-adfc17d343ed
2025-10-07 06:30:03,448 - app.services.solo_mode_service - INFO - Solo user ID: 64f37c56-85cb-4590-8de9-adfc17d343ed
2025-10-07 06:30:03,448 - __main__ - INFO - Generating daily brief for October 07, 2025
2025-10-07 06:30:03,448 - __main__ - INFO - Generating daily brief for October 07, 2025
2025-10-07 06:30:03,693 - app.services.jarvis_inbox_service - INFO - Created inbox item: 2fca167d-6119-4f53-8d2f-5ce70a4b529f - 🌅 Daily Brief - October 07
2025-10-07 06:30:03,693 - app.services.jarvis_inbox_service - INFO - Created inbox item: 2fca167d-6119-4f53-8d2f-5ce70a4b529f - 🌅 Daily Brief - October 07
2025-10-07 06:30:03,694 - __main__ - INFO - ✅ Created daily brief inbox item: 2fca167d-6119-4f53-8d2f-5ce70a4b529f
2025-10-07 06:30:03,694 - __main__ - INFO - ✅ Created daily brief inbox item: 2fca167d-6119-4f53-8d2f-5ce70a4b529f
2025-10-07 06:30:03,694 - __main__ - INFO -    Title: 🌅 Daily Brief - October 07
2025-10-07 06:30:03,694 - __main__ - INFO -    Title: 🌅 Daily Brief - October 07
2025-10-07 06:30:03,694 - __main__ - INFO -    Priority: 8
2025-10-07 06:30:03,694 - __main__ - INFO -    Priority: 8
2025-10-07 06:30:03,739 - __main__ - INFO - 📁 Archived 1 old daily brief items
2025-10-07 06:30:03,739 - __main__ - INFO - 📁 Archived 1 old daily brief items
2025-10-07 06:30:03,740 - __main__ - INFO - 🎉 Daily brief generation completed successfully
2025-10-07 06:30:03,740 - __main__ - INFO - 🎉 Daily brief generation completed successfully
2025-10-08 06:30:01,797 - __main__ - INFO - === Starting Daily Brief Generation ===
2025-10-08 06:30:01,797 - __main__ - INFO - === Starting Daily Brief Generation ===
2025-10-08 06:30:04,857 - app.services.solo_mode_service - INFO - Solo mode: enabled
2025-10-08 06:30:04,857 - app.services.solo_mode_service - INFO - Solo mode: enabled
2025-10-08 06:30:04,858 - app.services.solo_mode_service - INFO - Solo user ID: 64f37c56-85cb-4590-8de9-adfc17d343ed
2025-10-08 06:30:04,858 - app.services.solo_mode_service - INFO - Solo user ID: 64f37c56-85cb-4590-8de9-adfc17d343ed
2025-10-08 06:30:04,858 - __main__ - INFO - Generating daily brief for October 08, 2025
2025-10-08 06:30:04,858 - __main__ - INFO - Generating daily brief for October 08, 2025
2025-10-08 06:30:05,337 - app.services.jarvis_inbox_service - INFO - Created inbox item: 17e0326d-3155-4ca2-885b-b32d7f340477 - 🌅 Daily Brief - October 08
2025-10-08 06:30:05,337 - app.services.jarvis_inbox_service - INFO - Created inbox item: 17e0326d-3155-4ca2-885b-b32d7f340477 - 🌅 Daily Brief - October 08
2025-10-08 06:30:05,338 - __main__ - INFO - ✅ Created daily brief inbox item: 17e0326d-3155-4ca2-885b-b32d7f340477
2025-10-08 06:30:05,338 - __main__ - INFO - ✅ Created daily brief inbox item: 17e0326d-3155-4ca2-885b-b32d7f340477
2025-10-08 06:30:05,338 - __main__ - INFO -    Title: 🌅 Daily Brief - October 08
2025-10-08 06:30:05,338 - __main__ - INFO -    Title: 🌅 Daily Brief - October 08
2025-10-08 06:30:05,338 - __main__ - INFO -    Priority: 8
2025-10-08 06:30:05,338 - __main__ - INFO -    Priority: 8
2025-10-08 06:30:05,391 - __main__ - INFO - 📁 Archived 1 old daily brief items
2025-10-08 06:30:05,391 - __main__ - INFO - 📁 Archived 1 old daily brief items
2025-10-08 06:30:05,391 - __main__ - INFO - 🎉 Daily brief generation completed successfully
2025-10-08 06:30:05,391 - __main__ - INFO - 🎉 Daily brief generation completed successfully
2025-10-09 06:30:01,805 - __main__ - INFO - === Starting Daily Brief Generation ===
2025-10-09 06:30:01,805 - __main__ - INFO - === Starting Daily Brief Generation ===
2025-10-09 06:30:04,429 - app.services.solo_mode_service - INFO - Solo mode: enabled
2025-10-09 06:30:04,429 - app.services.solo_mode_service - INFO - Solo mode: enabled
2025-10-09 06:30:04,430 - app.services.solo_mode_service - INFO - Solo user ID: 64f37c56-85cb-4590-8de9-adfc17d343ed
2025-10-09 06:30:04,430 - app.services.solo_mode_service - INFO - Solo user ID: 64f37c56-85cb-4590-8de9-adfc17d343ed
2025-10-09 06:30:04,431 - __main__ - INFO - Generating daily brief for October 09, 2025
2025-10-09 06:30:04,431 - __main__ - INFO - Generating daily brief for October 09, 2025
2025-10-09 06:30:04,855 - app.services.jarvis_inbox_service - INFO - Created inbox item: 50b32836-7a28-4f86-811b-22bc4808a778 - 🌅 Daily Brief - October 09
2025-10-09 06:30:04,855 - app.services.jarvis_inbox_service - INFO - Created inbox item: 50b32836-7a28-4f86-811b-22bc4808a778 - 🌅 Daily Brief - October 09
2025-10-09 06:30:04,855 - __main__ - INFO - ✅ Created daily brief inbox item: 50b32836-7a28-4f86-811b-22bc4808a778
2025-10-09 06:30:04,855 - __main__ - INFO - ✅ Created daily brief inbox item: 50b32836-7a28-4f86-811b-22bc4808a778
2025-10-09 06:30:04,856 - __main__ - INFO -    Title: 🌅 Daily Brief - October 09
2025-10-09 06:30:04,856 - __main__ - INFO -    Title: 🌅 Daily Brief - October 09
2025-10-09 06:30:04,856 - __main__ - INFO -    Priority: 8
2025-10-09 06:30:04,856 - __main__ - INFO -    Priority: 8
2025-10-09 06:30:04,896 - __main__ - INFO - 📁 Archived 1 old daily brief items
2025-10-09 06:30:04,896 - __main__ - INFO - 📁 Archived 1 old daily brief items
2025-10-09 06:30:04,896 - __main__ - INFO - 🎉 Daily brief generation completed successfully
2025-10-09 06:30:04,896 - __main__ - INFO - 🎉 Daily brief generation completed successfully
2025-10-10 06:30:01,467 - __main__ - INFO - === Starting Daily Brief Generation ===
2025-10-10 06:30:01,467 - __main__ - INFO - === Starting Daily Brief Generation ===
2025-10-10 06:30:04,331 - app.services.solo_mode_service - INFO - Solo mode: enabled
2025-10-10 06:30:04,331 - app.services.solo_mode_service - INFO - Solo mode: enabled
2025-10-10 06:30:04,332 - app.services.solo_mode_service - INFO - Solo user ID: 64f37c56-85cb-4590-8de9-adfc17d343ed
2025-10-10 06:30:04,332 - app.services.solo_mode_service - INFO - Solo user ID: 64f37c56-85cb-4590-8de9-adfc17d343ed
2025-10-10 06:30:04,332 - __main__ - INFO - Generating daily brief for October 10, 2025
2025-10-10 06:30:04,332 - __main__ - INFO - Generating daily brief for October 10, 2025
2025-10-10 06:30:04,709 - app.services.jarvis_inbox_service - INFO - Created inbox item: 04e2b4ab-5ae2-4c16-bebe-19b3f2d20866 - 🌅 Daily Brief - October 10
2025-10-10 06:30:04,709 - app.services.jarvis_inbox_service - INFO - Created inbox item: 04e2b4ab-5ae2-4c16-bebe-19b3f2d20866 - 🌅 Daily Brief - October 10
2025-10-10 06:30:04,709 - __main__ - INFO - ✅ Created daily brief inbox item: 04e2b4ab-5ae2-4c16-bebe-19b3f2d20866
2025-10-10 06:30:04,709 - __main__ - INFO - ✅ Created daily brief inbox item: 04e2b4ab-5ae2-4c16-bebe-19b3f2d20866
2025-10-10 06:30:04,710 - __main__ - INFO -    Title: 🌅 Daily Brief - October 10
2025-10-10 06:30:04,710 - __main__ - INFO -    Title: 🌅 Daily Brief - October 10
2025-10-10 06:30:04,710 - __main__ - INFO -    Priority: 8
2025-10-10 06:30:04,710 - __main__ - INFO -    Priority: 8
2025-10-10 06:30:04,732 - __main__ - INFO - 📁 Archived 1 old daily brief items
2025-10-10 06:30:04,732 - __main__ - INFO - 📁 Archived 1 old daily brief items
2025-10-10 06:30:04,733 - __main__ - INFO - 🎉 Daily brief generation completed successfully
2025-10-10 06:30:04,733 - __main__ - INFO - 🎉 Daily brief generation completed successfully
2025-10-11 06:30:01,853 - __main__ - INFO - === Starting Daily Brief Generation ===
2025-10-11 06:30:01,853 - __main__ - INFO - === Starting Daily Brief Generation ===
2025-10-11 06:30:06,516 - app.services.solo_mode_service - INFO - Solo mode: enabled
2025-10-11 06:30:06,516 - app.services.solo_mode_service - INFO - Solo mode: enabled
2025-10-11 06:30:06,516 - app.services.solo_mode_service - INFO - Solo user ID: 64f37c56-85cb-4590-8de9-adfc17d343ed
2025-10-11 06:30:06,516 - app.services.solo_mode_service - INFO - Solo user ID: 64f37c56-85cb-4590-8de9-adfc17d343ed
2025-10-11 06:30:06,517 - __main__ - INFO - Generating daily brief for October 11, 2025
2025-10-11 06:30:06,517 - __main__ - INFO - Generating daily brief for October 11, 2025
2025-10-11 06:30:07,119 - app.services.jarvis_inbox_service - INFO - Created inbox item: 569e4310-0f64-4ded-823f-b2b77c6d82df - 🌅 Daily Brief - October 11
2025-10-11 06:30:07,119 - app.services.jarvis_inbox_service - INFO - Created inbox item: 569e4310-0f64-4ded-823f-b2b77c6d82df - 🌅 Daily Brief - October 11
2025-10-11 06:30:07,120 - __main__ - INFO - ✅ Created daily brief inbox item: 569e4310-0f64-4ded-823f-b2b77c6d82df
2025-10-11 06:30:07,120 - __main__ - INFO - ✅ Created daily brief inbox item: 569e4310-0f64-4ded-823f-b2b77c6d82df
2025-10-11 06:30:07,120 - __main__ - INFO -    Title: 🌅 Daily Brief - October 11
2025-10-11 06:30:07,120 - __main__ - INFO -    Title: 🌅 Daily Brief - October 11
2025-10-11 06:30:07,121 - __main__ - INFO -    Priority: 8
2025-10-11 06:30:07,121 - __main__ - INFO -    Priority: 8
2025-10-11 06:30:07,196 - __main__ - INFO - 📁 Archived 1 old daily brief items
2025-10-11 06:30:07,196 - __main__ - INFO - 📁 Archived 1 old daily brief items
2025-10-11 06:30:07,197 - __main__ - INFO - 🎉 Daily brief generation completed successfully
2025-10-11 06:30:07,197 - __main__ - INFO - 🎉 Daily brief generation completed successfully
2025-10-12 06:30:02,137 - __main__ - INFO - === Starting Daily Brief Generation ===
2025-10-12 06:30:02,137 - __main__ - INFO - === Starting Daily Brief Generation ===
2025-10-12 06:30:03,783 - app.services.solo_mode_service - INFO - Solo mode: enabled
2025-10-12 06:30:03,783 - app.services.solo_mode_service - INFO - Solo mode: enabled
2025-10-12 06:30:03,783 - app.services.solo_mode_service - INFO - Solo user ID: 64f37c56-85cb-4590-8de9-adfc17d343ed
2025-10-12 06:30:03,783 - app.services.solo_mode_service - INFO - Solo user ID: 64f37c56-85cb-4590-8de9-adfc17d343ed
2025-10-12 06:30:03,783 - __main__ - INFO - Generating daily brief for October 12, 2025
2025-10-12 06:30:03,783 - __main__ - INFO - Generating daily brief for October 12, 2025
2025-10-12 06:30:04,015 - app.services.jarvis_inbox_service - INFO - Created inbox item: 3d94c5a4-fc4a-4753-8cff-bbbea74a7d38 - 🌅 Daily Brief - October 12
2025-10-12 06:30:04,015 - app.services.jarvis_inbox_service - INFO - Created inbox item: 3d94c5a4-fc4a-4753-8cff-bbbea74a7d38 - 🌅 Daily Brief - October 12
2025-10-12 06:30:04,015 - __main__ - INFO - ✅ Created daily brief inbox item: 3d94c5a4-fc4a-4753-8cff-bbbea74a7d38
2025-10-12 06:30:04,015 - __main__ - INFO - ✅ Created daily brief inbox item: 3d94c5a4-fc4a-4753-8cff-bbbea74a7d38
2025-10-12 06:30:04,016 - __main__ - INFO -    Title: 🌅 Daily Brief - October 12
2025-10-12 06:30:04,016 - __main__ - INFO -    Title: 🌅 Daily Brief - October 12
2025-10-12 06:30:04,016 - __main__ - INFO -    Priority: 8
2025-10-12 06:30:04,016 - __main__ - INFO -    Priority: 8
2025-10-12 06:30:04,026 - __main__ - INFO - 🎉 Daily brief generation completed successfully
2025-10-12 06:30:04,026 - __main__ - INFO - 🎉 Daily brief generation completed successfully
2025-10-13 06:30:01,481 - __main__ - INFO - === Starting Daily Brief Generation ===
2025-10-13 06:30:01,481 - __main__ - INFO - === Starting Daily Brief Generation ===
2025-10-13 06:30:02,659 - app.services.solo_mode_service - INFO - Solo mode: enabled
2025-10-13 06:30:02,659 - app.services.solo_mode_service - INFO - Solo mode: enabled
2025-10-13 06:30:02,659 - app.services.solo_mode_service - INFO - Solo user ID: 64f37c56-85cb-4590-8de9-adfc17d343ed
2025-10-13 06:30:02,659 - app.services.solo_mode_service - INFO - Solo user ID: 64f37c56-85cb-4590-8de9-adfc17d343ed
2025-10-13 06:30:02,660 - __main__ - INFO - Generating daily brief for October 13, 2025
2025-10-13 06:30:02,660 - __main__ - INFO - Generating daily brief for October 13, 2025
2025-10-13 06:30:02,889 - app.services.jarvis_inbox_service - INFO - Created inbox item: ecf4e4d0-2287-4622-9d88-465448cc998a - 🌅 Daily Brief - October 13
2025-10-13 06:30:02,889 - app.services.jarvis_inbox_service - INFO - Created inbox item: ecf4e4d0-2287-4622-9d88-465448cc998a - 🌅 Daily Brief - October 13
2025-10-13 06:30:02,889 - __main__ - INFO - ✅ Created daily brief inbox item: ecf4e4d0-2287-4622-9d88-465448cc998a
2025-10-13 06:30:02,889 - __main__ - INFO - ✅ Created daily brief inbox item: ecf4e4d0-2287-4622-9d88-465448cc998a
2025-10-13 06:30:02,889 - __main__ - INFO -    Title: 🌅 Daily Brief - October 13
2025-10-13 06:30:02,889 - __main__ - INFO -    Title: 🌅 Daily Brief - October 13
2025-10-13 06:30:02,889 - __main__ - INFO -    Priority: 8
2025-10-13 06:30:02,889 - __main__ - INFO -    Priority: 8
2025-10-13 06:30:02,910 - __main__ - INFO - 📁 Archived 1 old daily brief items
2025-10-13 06:30:02,910 - __main__ - INFO - 📁 Archived 1 old daily brief items
2025-10-13 06:30:02,911 - __main__ - INFO - 🎉 Daily brief generation completed successfully
2025-10-13 06:30:02,911 - __main__ - INFO - 🎉 Daily brief generation completed successfully
2025-10-14 06:30:01,631 - __main__ - INFO - === Starting Daily Brief Generation ===
2025-10-14 06:30:01,631 - __main__ - INFO - === Starting Daily Brief Generation ===
2025-10-14 06:30:03,121 - app.services.solo_mode_service - INFO - Solo mode: enabled
2025-10-14 06:30:03,121 - app.services.solo_mode_service - INFO - Solo mode: enabled
2025-10-14 06:30:03,122 - app.services.solo_mode_service - INFO - Solo user ID: 64f37c56-85cb-4590-8de9-adfc17d343ed
2025-10-14 06:30:03,122 - app.services.solo_mode_service - INFO - Solo user ID: 64f37c56-85cb-4590-8de9-adfc17d343ed
2025-10-14 06:30:03,122 - __main__ - INFO - Generating daily brief for October 14, 2025
2025-10-14 06:30:03,122 - __main__ - INFO - Generating daily brief for October 14, 2025
2025-10-14 06:30:03,348 - app.services.jarvis_inbox_service - INFO - Created inbox item: ac9d8912-364c-41ae-b36a-5e4adf36ad14 - 🌅 Daily Brief - October 14
2025-10-14 06:30:03,348 - app.services.jarvis_inbox_service - INFO - Created inbox item: ac9d8912-364c-41ae-b36a-5e4adf36ad14 - 🌅 Daily Brief - October 14
2025-10-14 06:30:03,348 - __main__ - INFO - ✅ Created daily brief inbox item: ac9d8912-364c-41ae-b36a-5e4adf36ad14
2025-10-14 06:30:03,348 - __main__ - INFO - ✅ Created daily brief inbox item: ac9d8912-364c-41ae-b36a-5e4adf36ad14
2025-10-14 06:30:03,348 - __main__ - INFO -    Title: 🌅 Daily Brief - October 14
2025-10-14 06:30:03,348 - __main__ - INFO -    Title: 🌅 Daily Brief - October 14
2025-10-14 06:30:03,348 - __main__ - INFO -    Priority: 8
2025-10-14 06:30:03,348 - __main__ - INFO -    Priority: 8
2025-10-14 06:30:03,383 - __main__ - INFO - 📁 Archived 1 old daily brief items
2025-10-14 06:30:03,383 - __main__ - INFO - 📁 Archived 1 old daily brief items
2025-10-14 06:30:03,383 - __main__ - INFO - 🎉 Daily brief generation completed successfully
2025-10-14 06:30:03,383 - __main__ - INFO - 🎉 Daily brief generation completed successfully
2025-10-15 06:30:02,127 - __main__ - INFO - === Starting Daily Brief Generation ===
2025-10-15 06:30:02,127 - __main__ - INFO - === Starting Daily Brief Generation ===
2025-10-15 06:30:03,711 - app.services.solo_mode_service - INFO - Solo mode: enabled
2025-10-15 06:30:03,711 - app.services.solo_mode_service - INFO - Solo mode: enabled
2025-10-15 06:30:03,712 - app.services.solo_mode_service - INFO - Solo user ID: 64f37c56-85cb-4590-8de9-adfc17d343ed
2025-10-15 06:30:03,712 - app.services.solo_mode_service - INFO - Solo user ID: 64f37c56-85cb-4590-8de9-adfc17d343ed
2025-10-15 06:30:03,712 - __main__ - INFO - Generating daily brief for October 15, 2025
2025-10-15 06:30:03,712 - __main__ - INFO - Generating daily brief for October 15, 2025
2025-10-15 06:30:03,969 - app.services.jarvis_inbox_service - INFO - Created inbox item: ee071da0-847a-49e0-9cd5-ac82ac910ff4 - 🌅 Daily Brief - October 15
2025-10-15 06:30:03,969 - app.services.jarvis_inbox_service - INFO - Created inbox item: ee071da0-847a-49e0-9cd5-ac82ac910ff4 - 🌅 Daily Brief - October 15
2025-10-15 06:30:03,970 - __main__ - INFO - ✅ Created daily brief inbox item: ee071da0-847a-49e0-9cd5-ac82ac910ff4
2025-10-15 06:30:03,970 - __main__ - INFO - ✅ Created daily brief inbox item: ee071da0-847a-49e0-9cd5-ac82ac910ff4
2025-10-15 06:30:03,970 - __main__ - INFO -    Title: 🌅 Daily Brief - October 15
2025-10-15 06:30:03,970 - __main__ - INFO -    Title: 🌅 Daily Brief - October 15
2025-10-15 06:30:03,971 - __main__ - INFO -    Priority: 8
2025-10-15 06:30:03,971 - __main__ - INFO -    Priority: 8
2025-10-15 06:30:04,011 - __main__ - INFO - 📁 Archived 1 old daily brief items
2025-10-15 06:30:04,011 - __main__ - INFO - 📁 Archived 1 old daily brief items
2025-10-15 06:30:04,012 - __main__ - INFO - 🎉 Daily brief generation completed successfully
2025-10-15 06:30:04,012 - __main__ - INFO - 🎉 Daily brief generation completed successfully
2025-10-16 06:30:01,934 - __main__ - INFO - === Starting Daily Brief Generation ===
2025-10-16 06:30:01,934 - __main__ - INFO - === Starting Daily Brief Generation ===
2025-10-16 06:30:03,579 - app.services.solo_mode_service - INFO - Solo mode: enabled
2025-10-16 06:30:03,579 - app.services.solo_mode_service - INFO - Solo mode: enabled
2025-10-16 06:30:03,579 - app.services.solo_mode_service - INFO - Solo user ID: 64f37c56-85cb-4590-8de9-adfc17d343ed
2025-10-16 06:30:03,579 - app.services.solo_mode_service - INFO - Solo user ID: 64f37c56-85cb-4590-8de9-adfc17d343ed
2025-10-16 06:30:03,580 - __main__ - INFO - Generating daily brief for October 16, 2025
2025-10-16 06:30:03,580 - __main__ - INFO - Generating daily brief for October 16, 2025
2025-10-16 06:30:03,878 - app.services.jarvis_inbox_service - INFO - Created inbox item: 21b1c6f3-d194-43f6-a831-73aa0cf738e7 - 🌅 Daily Brief - October 16
2025-10-16 06:30:03,878 - app.services.jarvis_inbox_service - INFO - Created inbox item: 21b1c6f3-d194-43f6-a831-73aa0cf738e7 - 🌅 Daily Brief - October 16
2025-10-16 06:30:03,878 - __main__ - INFO - ✅ Created daily brief inbox item: 21b1c6f3-d194-43f6-a831-73aa0cf738e7
2025-10-16 06:30:03,878 - __main__ - INFO - ✅ Created daily brief inbox item: 21b1c6f3-d194-43f6-a831-73aa0cf738e7
2025-10-16 06:30:03,879 - __main__ - INFO -    Title: 🌅 Daily Brief - October 16
2025-10-16 06:30:03,879 - __main__ - INFO -    Title: 🌅 Daily Brief - October 16
2025-10-16 06:30:03,879 - __main__ - INFO -    Priority: 8
2025-10-16 06:30:03,879 - __main__ - INFO -    Priority: 8
2025-10-16 06:30:03,909 - __main__ - INFO - 📁 Archived 1 old daily brief items
2025-10-16 06:30:03,909 - __main__ - INFO - 📁 Archived 1 old daily brief items
2025-10-16 06:30:03,909 - __main__ - INFO - 🎉 Daily brief generation completed successfully
2025-10-16 06:30:03,909 - __main__ - INFO - 🎉 Daily brief generation completed successfully
2025-10-17 06:30:01,299 - __main__ - INFO - === Starting Daily Brief Generation ===
2025-10-17 06:30:01,299 - __main__ - INFO - === Starting Daily Brief Generation ===
2025-10-17 06:30:02,973 - app.services.solo_mode_service - INFO - Solo mode: enabled
2025-10-17 06:30:02,973 - app.services.solo_mode_service - INFO - Solo mode: enabled
2025-10-17 06:30:02,973 - app.services.solo_mode_service - INFO - Solo user ID: 64f37c56-85cb-4590-8de9-adfc17d343ed
2025-10-17 06:30:02,973 - app.services.solo_mode_service - INFO - Solo user ID: 64f37c56-85cb-4590-8de9-adfc17d343ed
2025-10-17 06:30:02,974 - __main__ - INFO - Generating daily brief for October 17, 2025
2025-10-17 06:30:02,974 - __main__ - INFO - Generating daily brief for October 17, 2025
2025-10-17 06:30:03,347 - app.services.jarvis_inbox_service - INFO - Created inbox item: 217fb235-c58d-48e0-b6b8-a3bfd8bc9568 - 🌅 Daily Brief - October 17
2025-10-17 06:30:03,347 - app.services.jarvis_inbox_service - INFO - Created inbox item: 217fb235-c58d-48e0-b6b8-a3bfd8bc9568 - 🌅 Daily Brief - October 17
2025-10-17 06:30:03,348 - __main__ - INFO - ✅ Created daily brief inbox item: 217fb235-c58d-48e0-b6b8-a3bfd8bc9568
2025-10-17 06:30:03,348 - __main__ - INFO - ✅ Created daily brief inbox item: 217fb235-c58d-48e0-b6b8-a3bfd8bc9568
2025-10-17 06:30:03,348 - __main__ - INFO -    Title: 🌅 Daily Brief - October 17
2025-10-17 06:30:03,348 - __main__ - INFO -    Title: 🌅 Daily Brief - October 17
2025-10-17 06:30:03,349 - __main__ - INFO -    Priority: 8
2025-10-17 06:30:03,349 - __main__ - INFO -    Priority: 8
2025-10-17 06:30:03,386 - __main__ - INFO - 📁 Archived 1 old daily brief items
2025-10-17 06:30:03,386 - __main__ - INFO - 📁 Archived 1 old daily brief items
2025-10-17 06:30:03,386 - __main__ - INFO - 🎉 Daily brief generation completed successfully
2025-10-17 06:30:03,386 - __main__ - INFO - 🎉 Daily brief generation completed successfully
2025-10-18 06:30:02,084 - __main__ - INFO - === Starting Daily Brief Generation ===
2025-10-18 06:30:02,084 - __main__ - INFO - === Starting Daily Brief Generation ===
2025-10-18 06:30:03,907 - app.services.solo_mode_service - INFO - Solo mode: enabled
2025-10-18 06:30:03,907 - app.services.solo_mode_service - INFO - Solo mode: enabled
2025-10-18 06:30:03,907 - app.services.solo_mode_service - INFO - Solo user ID: 64f37c56-85cb-4590-8de9-adfc17d343ed
2025-10-18 06:30:03,907 - app.services.solo_mode_service - INFO - Solo user ID: 64f37c56-85cb-4590-8de9-adfc17d343ed
2025-10-18 06:30:03,907 - __main__ - INFO - Generating daily brief for October 18, 2025
2025-10-18 06:30:03,907 - __main__ - INFO - Generating daily brief for October 18, 2025
2025-10-18 06:30:04,118 - app.services.jarvis_inbox_service - INFO - Created inbox item: d16c52e2-2449-4050-8992-6f7e95ce1ed7 - 🌅 Daily Brief - October 18
2025-10-18 06:30:04,118 - app.services.jarvis_inbox_service - INFO - Created inbox item: d16c52e2-2449-4050-8992-6f7e95ce1ed7 - 🌅 Daily Brief - October 18
2025-10-18 06:30:04,118 - __main__ - INFO - ✅ Created daily brief inbox item: d16c52e2-2449-4050-8992-6f7e95ce1ed7
2025-10-18 06:30:04,118 - __main__ - INFO - ✅ Created daily brief inbox item: d16c52e2-2449-4050-8992-6f7e95ce1ed7
2025-10-18 06:30:04,118 - __main__ - INFO -    Title: 🌅 Daily Brief - October 18
2025-10-18 06:30:04,118 - __main__ - INFO -    Title: 🌅 Daily Brief - October 18
2025-10-18 06:30:04,119 - __main__ - INFO -    Priority: 8
2025-10-18 06:30:04,119 - __main__ - INFO -    Priority: 8
2025-10-18 06:30:04,143 - __main__ - INFO - 📁 Archived 1 old daily brief items
2025-10-18 06:30:04,143 - __main__ - INFO - 📁 Archived 1 old daily brief items
2025-10-18 06:30:04,144 - __main__ - INFO - 🎉 Daily brief generation completed successfully
2025-10-18 06:30:04,144 - __main__ - INFO - 🎉 Daily brief generation completed successfully
2025-10-19 06:30:02,019 - __main__ - INFO - === Starting Daily Brief Generation ===
2025-10-19 06:30:02,019 - __main__ - INFO - === Starting Daily Brief Generation ===
2025-10-19 06:30:03,579 - app.services.solo_mode_service - INFO - Solo mode: enabled
2025-10-19 06:30:03,579 - app.services.solo_mode_service - INFO - Solo mode: enabled
2025-10-19 06:30:03,579 - app.services.solo_mode_service - INFO - Solo user ID: 64f37c56-85cb-4590-8de9-adfc17d343ed
2025-10-19 06:30:03,579 - app.services.solo_mode_service - INFO - Solo user ID: 64f37c56-85cb-4590-8de9-adfc17d343ed
2025-10-19 06:30:03,580 - __main__ - INFO - Generating daily brief for October 19, 2025
2025-10-19 06:30:03,580 - __main__ - INFO - Generating daily brief for October 19, 2025
2025-10-19 06:30:03,815 - app.services.jarvis_inbox_service - INFO - Created inbox item: 8e799608-556c-476f-baa0-b79187da0fb3 - 🌅 Daily Brief - October 19
2025-10-19 06:30:03,815 - app.services.jarvis_inbox_service - INFO - Created inbox item: 8e799608-556c-476f-baa0-b79187da0fb3 - 🌅 Daily Brief - October 19
2025-10-19 06:30:03,816 - __main__ - INFO - ✅ Created daily brief inbox item: 8e799608-556c-476f-baa0-b79187da0fb3
2025-10-19 06:30:03,816 - __main__ - INFO - ✅ Created daily brief inbox item: 8e799608-556c-476f-baa0-b79187da0fb3
2025-10-19 06:30:03,816 - __main__ - INFO -    Title: 🌅 Daily Brief - October 19
2025-10-19 06:30:03,816 - __main__ - INFO -    Title: 🌅 Daily Brief - October 19
2025-10-19 06:30:03,816 - __main__ - INFO -    Priority: 8
2025-10-19 06:30:03,816 - __main__ - INFO -    Priority: 8
2025-10-19 06:30:03,867 - __main__ - INFO - 📁 Archived 1 old daily brief items
2025-10-19 06:30:03,867 - __main__ - INFO - 📁 Archived 1 old daily brief items
2025-10-19 06:30:03,867 - __main__ - INFO - 🎉 Daily brief generation completed successfully
2025-10-19 06:30:03,867 - __main__ - INFO - 🎉 Daily brief generation completed successfully
2025-10-20 06:30:01,722 - __main__ - INFO - === Starting Daily Brief Generation ===
2025-10-20 06:30:01,722 - __main__ - INFO - === Starting Daily Brief Generation ===
2025-10-20 06:30:03,302 - app.services.solo_mode_service - INFO - Solo mode: enabled
2025-10-20 06:30:03,302 - app.services.solo_mode_service - INFO - Solo mode: enabled
2025-10-20 06:30:03,302 - app.services.solo_mode_service - INFO - Solo user ID: 64f37c56-85cb-4590-8de9-adfc17d343ed
2025-10-20 06:30:03,302 - app.services.solo_mode_service - INFO - Solo user ID: 64f37c56-85cb-4590-8de9-adfc17d343ed
2025-10-20 06:30:03,303 - __main__ - INFO - Generating daily brief for October 20, 2025
2025-10-20 06:30:03,303 - __main__ - INFO - Generating daily brief for October 20, 2025
2025-10-20 06:30:03,683 - app.services.jarvis_inbox_service - INFO - Created inbox item: 1a24aa10-2b74-4202-847c-dc3b8e20c7f0 - 🌅 Daily Brief - October 20
2025-10-20 06:30:03,683 - app.services.jarvis_inbox_service - INFO - Created inbox item: 1a24aa10-2b74-4202-847c-dc3b8e20c7f0 - 🌅 Daily Brief - October 20
2025-10-20 06:30:03,684 - __main__ - INFO - ✅ Created daily brief inbox item: 1a24aa10-2b74-4202-847c-dc3b8e20c7f0
2025-10-20 06:30:03,684 - __main__ - INFO - ✅ Created daily brief inbox item: 1a24aa10-2b74-4202-847c-dc3b8e20c7f0
2025-10-20 06:30:03,684 - __main__ - INFO -    Title: 🌅 Daily Brief - October 20
2025-10-20 06:30:03,684 - __main__ - INFO -    Title: 🌅 Daily Brief - October 20
2025-10-20 06:30:03,684 - __main__ - INFO -    Priority: 8
2025-10-20 06:30:03,684 - __main__ - INFO -    Priority: 8
2025-10-20 06:30:03,724 - __main__ - INFO - 📁 Archived 2 old daily brief items
2025-10-20 06:30:03,724 - __main__ - INFO - 📁 Archived 2 old daily brief items
2025-10-20 06:30:03,725 - __main__ - INFO - 🎉 Daily brief generation completed successfully
2025-10-20 06:30:03,725 - __main__ - INFO - 🎉 Daily brief generation completed successfully
2025-10-21 06:30:01,389 - __main__ - INFO - === Starting Daily Brief Generation ===
2025-10-21 06:30:01,389 - __main__ - INFO - === Starting Daily Brief Generation ===
2025-10-21 06:30:02,771 - app.services.solo_mode_service - INFO - Solo mode: enabled
2025-10-21 06:30:02,771 - app.services.solo_mode_service - INFO - Solo mode: enabled
2025-10-21 06:30:02,771 - app.services.solo_mode_service - INFO - Solo user ID: 64f37c56-85cb-4590-8de9-adfc17d343ed
2025-10-21 06:30:02,771 - app.services.solo_mode_service - INFO - Solo user ID: 64f37c56-85cb-4590-8de9-adfc17d343ed
2025-10-21 06:30:02,772 - __main__ - INFO - Generating daily brief for October 21, 2025
2025-10-21 06:30:02,772 - __main__ - INFO - Generating daily brief for October 21, 2025
2025-10-21 06:30:02,976 - app.services.jarvis_inbox_service - INFO - Created inbox item: 97b741c8-32d8-4d29-8a0b-bfe528da045c - 🌅 Daily Brief - October 21
2025-10-21 06:30:02,976 - app.services.jarvis_inbox_service - INFO - Created inbox item: 97b741c8-32d8-4d29-8a0b-bfe528da045c - 🌅 Daily Brief - October 21
2025-10-21 06:30:02,976 - __main__ - INFO - ✅ Created daily brief inbox item: 97b741c8-32d8-4d29-8a0b-bfe528da045c
2025-10-21 06:30:02,976 - __main__ - INFO - ✅ Created daily brief inbox item: 97b741c8-32d8-4d29-8a0b-bfe528da045c
2025-10-21 06:30:02,977 - __main__ - INFO -    Title: 🌅 Daily Brief - October 21
2025-10-21 06:30:02,977 - __main__ - INFO -    Title: 🌅 Daily Brief - October 21
2025-10-21 06:30:02,977 - __main__ - INFO -    Priority: 8
2025-10-21 06:30:02,977 - __main__ - INFO -    Priority: 8
2025-10-21 06:30:02,999 - __main__ - INFO - 🎉 Daily brief generation completed successfully
2025-10-21 06:30:02,999 - __main__ - INFO - 🎉 Daily brief generation completed successfully
2025-10-22 06:30:02,074 - __main__ - INFO - === Starting Daily Brief Generation ===
2025-10-22 06:30:02,074 - __main__ - INFO - === Starting Daily Brief Generation ===
2025-10-22 06:30:03,611 - app.services.solo_mode_service - INFO - Solo mode: enabled
2025-10-22 06:30:03,611 - app.services.solo_mode_service - INFO - Solo mode: enabled
2025-10-22 06:30:03,611 - app.services.solo_mode_service - INFO - Solo user ID: 64f37c56-85cb-4590-8de9-adfc17d343ed
2025-10-22 06:30:03,611 - app.services.solo_mode_service - INFO - Solo user ID: 64f37c56-85cb-4590-8de9-adfc17d343ed
2025-10-22 06:30:03,611 - __main__ - INFO - Generating daily brief for October 22, 2025
2025-10-22 06:30:03,611 - __main__ - INFO - Generating daily brief for October 22, 2025
2025-10-22 06:30:03,835 - app.services.jarvis_inbox_service - INFO - Created inbox item: 459bbee8-d910-4549-b266-dacb32bacc6c - 🌅 Daily Brief - October 22
2025-10-22 06:30:03,835 - app.services.jarvis_inbox_service - INFO - Created inbox item: 459bbee8-d910-4549-b266-dacb32bacc6c - 🌅 Daily Brief - October 22
2025-10-22 06:30:03,836 - __main__ - INFO - ✅ Created daily brief inbox item: 459bbee8-d910-4549-b266-dacb32bacc6c
2025-10-22 06:30:03,836 - __main__ - INFO - ✅ Created daily brief inbox item: 459bbee8-d910-4549-b266-dacb32bacc6c
2025-10-22 06:30:03,836 - __main__ - INFO -    Title: 🌅 Daily Brief - October 22
2025-10-22 06:30:03,836 - __main__ - INFO -    Title: 🌅 Daily Brief - October 22
2025-10-22 06:30:03,836 - __main__ - INFO -    Priority: 8
2025-10-22 06:30:03,836 - __main__ - INFO -    Priority: 8
2025-10-22 06:30:03,854 - __main__ - INFO - 📁 Archived 1 old daily brief items
2025-10-22 06:30:03,854 - __main__ - INFO - 📁 Archived 1 old daily brief items
2025-10-22 06:30:03,855 - __main__ - INFO - 🎉 Daily brief generation completed successfully
2025-10-22 06:30:03,855 - __main__ - INFO - 🎉 Daily brief generation completed successfully
2025-10-23 06:30:02,074 - __main__ - INFO - === Starting Daily Brief Generation ===
2025-10-23 06:30:02,074 - __main__ - INFO - === Starting Daily Brief Generation ===
2025-10-23 06:30:04,165 - app.services.solo_mode_service - INFO - Solo mode: enabled
2025-10-23 06:30:04,165 - app.services.solo_mode_service - INFO - Solo mode: enabled
2025-10-23 06:30:04,165 - app.services.solo_mode_service - INFO - Solo user ID: 64f37c56-85cb-4590-8de9-adfc17d343ed
2025-10-23 06:30:04,165 - app.services.solo_mode_service - INFO - Solo user ID: 64f37c56-85cb-4590-8de9-adfc17d343ed
2025-10-23 06:30:04,166 - __main__ - INFO - Generating daily brief for October 23, 2025
2025-10-23 06:30:04,166 - __main__ - INFO - Generating daily brief for October 23, 2025
2025-10-23 06:30:04,623 - app.services.jarvis_inbox_service - INFO - Created inbox item: 36510694-8986-48e6-b1a5-033a9719ec86 - 🌅 Daily Brief - October 23
2025-10-23 06:30:04,623 - app.services.jarvis_inbox_service - INFO - Created inbox item: 36510694-8986-48e6-b1a5-033a9719ec86 - 🌅 Daily Brief - October 23
2025-10-23 06:30:04,623 - __main__ - INFO - ✅ Created daily brief inbox item: 36510694-8986-48e6-b1a5-033a9719ec86
2025-10-23 06:30:04,623 - __main__ - INFO - ✅ Created daily brief inbox item: 36510694-8986-48e6-b1a5-033a9719ec86
2025-10-23 06:30:04,623 - __main__ - INFO -    Title: 🌅 Daily Brief - October 23
2025-10-23 06:30:04,623 - __main__ - INFO -    Title: 🌅 Daily Brief - October 23
2025-10-23 06:30:04,624 - __main__ - INFO -    Priority: 8
2025-10-23 06:30:04,624 - __main__ - INFO -    Priority: 8
2025-10-23 06:30:04,686 - __main__ - INFO - 📁 Archived 2 old daily brief items
2025-10-23 06:30:04,686 - __main__ - INFO - 📁 Archived 2 old daily brief items
2025-10-23 06:30:04,686 - __main__ - INFO - 🎉 Daily brief generation completed successfully
2025-10-23 06:30:04,686 - __main__ - INFO - 🎉 Daily brief generation completed successfully
2025-10-24 06:30:01,665 - __main__ - INFO - === Starting Daily Brief Generation ===
2025-10-24 06:30:01,665 - __main__ - INFO - === Starting Daily Brief Generation ===
2025-10-24 06:30:03,310 - app.services.solo_mode_service - INFO - Solo mode: enabled
2025-10-24 06:30:03,310 - app.services.solo_mode_service - INFO - Solo mode: enabled
2025-10-24 06:30:03,310 - app.services.solo_mode_service - INFO - Solo user ID: 64f37c56-85cb-4590-8de9-adfc17d343ed
2025-10-24 06:30:03,310 - app.services.solo_mode_service - INFO - Solo user ID: 64f37c56-85cb-4590-8de9-adfc17d343ed
2025-10-24 06:30:03,310 - __main__ - INFO - Generating daily brief for October 24, 2025
2025-10-24 06:30:03,310 - __main__ - INFO - Generating daily brief for October 24, 2025
2025-10-24 06:30:03,574 - app.services.jarvis_inbox_service - INFO - Created inbox item: b8f1b7f8-7125-40b0-9f44-ae632043828b - 🌅 Daily Brief - October 24
2025-10-24 06:30:03,574 - app.services.jarvis_inbox_service - INFO - Created inbox item: b8f1b7f8-7125-40b0-9f44-ae632043828b - 🌅 Daily Brief - October 24
2025-10-24 06:30:03,575 - __main__ - INFO - ✅ Created daily brief inbox item: b8f1b7f8-7125-40b0-9f44-ae632043828b
2025-10-24 06:30:03,575 - __main__ - INFO - ✅ Created daily brief inbox item: b8f1b7f8-7125-40b0-9f44-ae632043828b
2025-10-24 06:30:03,575 - __main__ - INFO -    Title: 🌅 Daily Brief - October 24
2025-10-24 06:30:03,575 - __main__ - INFO -    Title: 🌅 Daily Brief - October 24
2025-10-24 06:30:03,575 - __main__ - INFO -    Priority: 8
2025-10-24 06:30:03,575 - __main__ - INFO -    Priority: 8
2025-10-24 06:30:03,593 - __main__ - INFO - 📁 Archived 1 old daily brief items
2025-10-24 06:30:03,593 - __main__ - INFO - 📁 Archived 1 old daily brief items
2025-10-24 06:30:03,593 - __main__ - INFO - 🎉 Daily brief generation completed successfully
2025-10-24 06:30:03,593 - __main__ - INFO - 🎉 Daily brief generation completed successfully
2025-10-25 06:30:01,652 - __main__ - INFO - === Starting Daily Brief Generation ===
2025-10-25 06:30:01,652 - __main__ - INFO - === Starting Daily Brief Generation ===
2025-10-25 06:30:03,151 - app.services.solo_mode_service - INFO - Solo mode: enabled
2025-10-25 06:30:03,151 - app.services.solo_mode_service - INFO - Solo mode: enabled
2025-10-25 06:30:03,151 - app.services.solo_mode_service - INFO - Solo user ID: 64f37c56-85cb-4590-8de9-adfc17d343ed
2025-10-25 06:30:03,151 - app.services.solo_mode_service - INFO - Solo user ID: 64f37c56-85cb-4590-8de9-adfc17d343ed
2025-10-25 06:30:03,152 - __main__ - INFO - Generating daily brief for October 25, 2025
2025-10-25 06:30:03,152 - __main__ - INFO - Generating daily brief for October 25, 2025
2025-10-25 06:30:03,536 - app.services.jarvis_inbox_service - INFO - Created inbox item: b579ac6d-10a0-4d3d-acf5-022fb8109b54 - 🌅 Daily Brief - October 25
2025-10-25 06:30:03,536 - app.services.jarvis_inbox_service - INFO - Created inbox item: b579ac6d-10a0-4d3d-acf5-022fb8109b54 - 🌅 Daily Brief - October 25
2025-10-25 06:30:03,537 - __main__ - INFO - ✅ Created daily brief inbox item: b579ac6d-10a0-4d3d-acf5-022fb8109b54
2025-10-25 06:30:03,537 - __main__ - INFO - ✅ Created daily brief inbox item: b579ac6d-10a0-4d3d-acf5-022fb8109b54
2025-10-25 06:30:03,537 - __main__ - INFO -    Title: 🌅 Daily Brief - October 25
2025-10-25 06:30:03,537 - __main__ - INFO -    Title: 🌅 Daily Brief - October 25
2025-10-25 06:30:03,537 - __main__ - INFO -    Priority: 8
2025-10-25 06:30:03,537 - __main__ - INFO -    Priority: 8
2025-10-25 06:30:03,549 - __main__ - INFO - 🎉 Daily brief generation completed successfully
2025-10-25 06:30:03,549 - __main__ - INFO - 🎉 Daily brief generation completed successfully
2025-10-26 06:30:01,733 - __main__ - INFO - === Starting Daily Brief Generation ===
2025-10-26 06:30:01,733 - __main__ - INFO - === Starting Daily Brief Generation ===
2025-10-26 06:30:03,513 - app.services.solo_mode_service - INFO - Solo mode: enabled
2025-10-26 06:30:03,513 - app.services.solo_mode_service - INFO - Solo mode: enabled
2025-10-26 06:30:03,514 - app.services.solo_mode_service - INFO - Solo user ID: 64f37c56-85cb-4590-8de9-adfc17d343ed
2025-10-26 06:30:03,514 - app.services.solo_mode_service - INFO - Solo user ID: 64f37c56-85cb-4590-8de9-adfc17d343ed
2025-10-26 06:30:03,514 - __main__ - INFO - Generating daily brief for October 26, 2025
2025-10-26 06:30:03,514 - __main__ - INFO - Generating daily brief for October 26, 2025
2025-10-26 06:30:03,743 - app.services.jarvis_inbox_service - INFO - Created inbox item: 94b78bc2-05b4-40ca-a20d-3036aa5232d7 - 🌅 Daily Brief - October 26
2025-10-26 06:30:03,743 - app.services.jarvis_inbox_service - INFO - Created inbox item: 94b78bc2-05b4-40ca-a20d-3036aa5232d7 - 🌅 Daily Brief - October 26
2025-10-26 06:30:03,743 - __main__ - INFO - ✅ Created daily brief inbox item: 94b78bc2-05b4-40ca-a20d-3036aa5232d7
2025-10-26 06:30:03,743 - __main__ - INFO - ✅ Created daily brief inbox item: 94b78bc2-05b4-40ca-a20d-3036aa5232d7
2025-10-26 06:30:03,743 - __main__ - INFO -    Title: 🌅 Daily Brief - October 26
2025-10-26 06:30:03,743 - __main__ - INFO -    Title: 🌅 Daily Brief - October 26
2025-10-26 06:30:03,744 - __main__ - INFO -    Priority: 8
2025-10-26 06:30:03,744 - __main__ - INFO -    Priority: 8
2025-10-26 06:30:03,776 - __main__ - INFO - 📁 Archived 1 old daily brief items
2025-10-26 06:30:03,776 - __main__ - INFO - 📁 Archived 1 old daily brief items
2025-10-26 06:30:03,776 - __main__ - INFO - 🎉 Daily brief generation completed successfully
2025-10-26 06:30:03,776 - __main__ - INFO - 🎉 Daily brief generation completed successfully
2025-10-27 06:30:02,188 - __main__ - INFO - === Starting Daily Brief Generation ===
2025-10-27 06:30:02,188 - __main__ - INFO - === Starting Daily Brief Generation ===
2025-10-27 06:30:07,589 - app.services.solo_mode_service - INFO - Solo mode: enabled
2025-10-27 06:30:07,589 - app.services.solo_mode_service - INFO - Solo mode: enabled
2025-10-27 06:30:07,590 - app.services.solo_mode_service - INFO - Solo user ID: 64f37c56-85cb-4590-8de9-adfc17d343ed
2025-10-27 06:30:07,590 - app.services.solo_mode_service - INFO - Solo user ID: 64f37c56-85cb-4590-8de9-adfc17d343ed
2025-10-27 06:30:07,591 - __main__ - INFO - Generating daily brief for October 27, 2025
2025-10-27 06:30:07,591 - __main__ - INFO - Generating daily brief for October 27, 2025
2025-10-27 06:30:08,210 - app.services.jarvis_inbox_service - INFO - Created inbox item: a780b3ae-6d86-44b1-809e-7aea6455fd8e - 🌅 Daily Brief - October 27
2025-10-27 06:30:08,210 - app.services.jarvis_inbox_service - INFO - Created inbox item: a780b3ae-6d86-44b1-809e-7aea6455fd8e - 🌅 Daily Brief - October 27
2025-10-27 06:30:08,211 - __main__ - INFO - ✅ Created daily brief inbox item: a780b3ae-6d86-44b1-809e-7aea6455fd8e
2025-10-27 06:30:08,211 - __main__ - INFO - ✅ Created daily brief inbox item: a780b3ae-6d86-44b1-809e-7aea6455fd8e
2025-10-27 06:30:08,211 - __main__ - INFO -    Title: 🌅 Daily Brief - October 27
2025-10-27 06:30:08,211 - __main__ - INFO -    Title: 🌅 Daily Brief - October 27
2025-10-27 06:30:08,211 - __main__ - INFO -    Priority: 8
2025-10-27 06:30:08,211 - __main__ - INFO -    Priority: 8
2025-10-27 06:30:08,253 - __main__ - INFO - 📁 Archived 2 old daily brief items
2025-10-27 06:30:08,253 - __main__ - INFO - 📁 Archived 2 old daily brief items
2025-10-27 06:30:08,253 - __main__ - INFO - 🎉 Daily brief generation completed successfully
2025-10-27 06:30:08,253 - __main__ - INFO - 🎉 Daily brief generation completed successfully
2025-10-28 06:30:01,299 - __main__ - INFO - === Starting Daily Brief Generation ===
2025-10-28 06:30:01,299 - __main__ - INFO - === Starting Daily Brief Generation ===
2025-10-28 06:30:05,764 - app.services.solo_mode_service - INFO - Solo mode: enabled
2025-10-28 06:30:05,764 - app.services.solo_mode_service - INFO - Solo mode: enabled
2025-10-28 06:30:05,764 - app.services.solo_mode_service - INFO - Solo user ID: 64f37c56-85cb-4590-8de9-adfc17d343ed
2025-10-28 06:30:05,764 - app.services.solo_mode_service - INFO - Solo user ID: 64f37c56-85cb-4590-8de9-adfc17d343ed
2025-10-28 06:30:05,765 - __main__ - INFO - Generating daily brief for October 28, 2025
2025-10-28 06:30:05,765 - __main__ - INFO - Generating daily brief for October 28, 2025
2025-10-28 06:30:06,450 - app.services.jarvis_inbox_service - INFO - Created inbox item: f5f98639-ecb2-49b3-8a7d-a683db8ddbdb - 🌅 Daily Brief - October 28
2025-10-28 06:30:06,450 - app.services.jarvis_inbox_service - INFO - Created inbox item: f5f98639-ecb2-49b3-8a7d-a683db8ddbdb - 🌅 Daily Brief - October 28
2025-10-28 06:30:06,451 - __main__ - INFO - ✅ Created daily brief inbox item: f5f98639-ecb2-49b3-8a7d-a683db8ddbdb
2025-10-28 06:30:06,451 - __main__ - INFO - ✅ Created daily brief inbox item: f5f98639-ecb2-49b3-8a7d-a683db8ddbdb
2025-10-28 06:30:06,451 - __main__ - INFO -    Title: 🌅 Daily Brief - October 28
2025-10-28 06:30:06,451 - __main__ - INFO -    Title: 🌅 Daily Brief - October 28
2025-10-28 06:30:06,451 - __main__ - INFO -    Priority: 8
2025-10-28 06:30:06,451 - __main__ - INFO -    Priority: 8
2025-10-28 06:30:06,486 - __main__ - INFO - 📁 Archived 1 old daily brief items
2025-10-28 06:30:06,486 - __main__ - INFO - 📁 Archived 1 old daily brief items
2025-10-28 06:30:06,486 - __main__ - INFO - 🎉 Daily brief generation completed successfully
2025-10-28 06:30:06,486 - __main__ - INFO - 🎉 Daily brief generation completed successfully
2025-10-29 06:30:01,219 - __main__ - INFO - === Starting Daily Brief Generation ===
2025-10-29 06:30:01,219 - __main__ - INFO - === Starting Daily Brief Generation ===
2025-10-29 06:30:05,873 - app.services.solo_mode_service - INFO - Solo mode: enabled
2025-10-29 06:30:05,873 - app.services.solo_mode_service - INFO - Solo mode: enabled
2025-10-29 06:30:05,873 - app.services.solo_mode_service - INFO - Solo user ID: 64f37c56-85cb-4590-8de9-adfc17d343ed
2025-10-29 06:30:05,873 - app.services.solo_mode_service - INFO - Solo user ID: 64f37c56-85cb-4590-8de9-adfc17d343ed
2025-10-29 06:30:05,874 - __main__ - INFO - Generating daily brief for October 29, 2025
2025-10-29 06:30:05,874 - __main__ - INFO - Generating daily brief for October 29, 2025
2025-10-29 06:30:06,242 - app.services.jarvis_inbox_service - INFO - Created inbox item: 540b5daf-3fc9-4119-8bb3-1663ffe24346 - 🌅 Daily Brief - October 29
2025-10-29 06:30:06,242 - app.services.jarvis_inbox_service - INFO - Created inbox item: 540b5daf-3fc9-4119-8bb3-1663ffe24346 - 🌅 Daily Brief - October 29
2025-10-29 06:30:06,242 - __main__ - INFO - ✅ Created daily brief inbox item: 540b5daf-3fc9-4119-8bb3-1663ffe24346
2025-10-29 06:30:06,242 - __main__ - INFO - ✅ Created daily brief inbox item: 540b5daf-3fc9-4119-8bb3-1663ffe24346
2025-10-29 06:30:06,242 - __main__ - INFO -    Title: 🌅 Daily Brief - October 29
2025-10-29 06:30:06,242 - __main__ - INFO -    Title: 🌅 Daily Brief - October 29
2025-10-29 06:30:06,243 - __main__ - INFO -    Priority: 8
2025-10-29 06:30:06,243 - __main__ - INFO -    Priority: 8
2025-10-29 06:30:06,269 - __main__ - INFO - 📁 Archived 1 old daily brief items
2025-10-29 06:30:06,269 - __main__ - INFO - 📁 Archived 1 old daily brief items
2025-10-29 06:30:06,269 - __main__ - INFO - 🎉 Daily brief generation completed successfully
2025-10-29 06:30:06,269 - __main__ - INFO - 🎉 Daily brief generation completed successfully
2025-10-30 06:30:02,397 - __main__ - INFO - === Starting Daily Brief Generation ===
2025-10-30 06:30:02,397 - __main__ - INFO - === Starting Daily Brief Generation ===
2025-10-30 06:30:08,452 - app.services.solo_mode_service - INFO - Solo mode: enabled
2025-10-30 06:30:08,452 - app.services.solo_mode_service - INFO - Solo mode: enabled
2025-10-30 06:30:08,452 - app.services.solo_mode_service - INFO - Solo user ID: 64f37c56-85cb-4590-8de9-adfc17d343ed
2025-10-30 06:30:08,452 - app.services.solo_mode_service - INFO - Solo user ID: 64f37c56-85cb-4590-8de9-adfc17d343ed
2025-10-30 06:30:08,453 - __main__ - INFO - Generating daily brief for October 30, 2025
2025-10-30 06:30:08,453 - __main__ - INFO - Generating daily brief for October 30, 2025
2025-10-30 06:30:09,168 - app.services.jarvis_inbox_service - INFO - Created inbox item: 146446d2-b37f-4d8b-b93a-5a365cb1e47a - 🌅 Daily Brief - October 30
2025-10-30 06:30:09,168 - app.services.jarvis_inbox_service - INFO - Created inbox item: 146446d2-b37f-4d8b-b93a-5a365cb1e47a - 🌅 Daily Brief - October 30
2025-10-30 06:30:09,169 - __main__ - INFO - ✅ Created daily brief inbox item: 146446d2-b37f-4d8b-b93a-5a365cb1e47a
2025-10-30 06:30:09,169 - __main__ - INFO - ✅ Created daily brief inbox item: 146446d2-b37f-4d8b-b93a-5a365cb1e47a
2025-10-30 06:30:09,169 - __main__ - INFO -    Title: 🌅 Daily Brief - October 30
2025-10-30 06:30:09,169 - __main__ - INFO -    Title: 🌅 Daily Brief - October 30
2025-10-30 06:30:09,169 - __main__ - INFO -    Priority: 8
2025-10-30 06:30:09,169 - __main__ - INFO -    Priority: 8
2025-10-30 06:30:09,212 - __main__ - INFO - 📁 Archived 1 old daily brief items
2025-10-30 06:30:09,212 - __main__ - INFO - 📁 Archived 1 old daily brief items
2025-10-30 06:30:09,213 - __main__ - INFO - 🎉 Daily brief generation completed successfully
2025-10-30 06:30:09,213 - __main__ - INFO - 🎉 Daily brief generation completed successfully
2025-10-31 06:30:01,936 - __main__ - INFO - === Starting Daily Brief Generation ===
2025-10-31 06:30:01,936 - __main__ - INFO - === Starting Daily Brief Generation ===
2025-10-31 06:30:07,267 - app.services.solo_mode_service - INFO - Solo mode: enabled
2025-10-31 06:30:07,267 - app.services.solo_mode_service - INFO - Solo mode: enabled
2025-10-31 06:30:07,267 - app.services.solo_mode_service - INFO - Solo user ID: 64f37c56-85cb-4590-8de9-adfc17d343ed
2025-10-31 06:30:07,267 - app.services.solo_mode_service - INFO - Solo user ID: 64f37c56-85cb-4590-8de9-adfc17d343ed
2025-10-31 06:30:07,268 - __main__ - INFO - Generating daily brief for October 31, 2025
2025-10-31 06:30:07,268 - __main__ - INFO - Generating daily brief for October 31, 2025
2025-10-31 06:30:07,871 - app.services.jarvis_inbox_service - INFO - Created inbox item: b6c86cc2-414b-4820-8fd7-05bfac03f89b - 🌅 Daily Brief - October 31
2025-10-31 06:30:07,871 - app.services.jarvis_inbox_service - INFO - Created inbox item: b6c86cc2-414b-4820-8fd7-05bfac03f89b - 🌅 Daily Brief - October 31
2025-10-31 06:30:07,872 - __main__ - INFO - ✅ Created daily brief inbox item: b6c86cc2-414b-4820-8fd7-05bfac03f89b
2025-10-31 06:30:07,872 - __main__ - INFO - ✅ Created daily brief inbox item: b6c86cc2-414b-4820-8fd7-05bfac03f89b
2025-10-31 06:30:07,872 - __main__ - INFO -    Title: 🌅 Daily Brief - October 31
2025-10-31 06:30:07,872 - __main__ - INFO -    Title: 🌅 Daily Brief - October 31
2025-10-31 06:30:07,872 - __main__ - INFO -    Priority: 8
2025-10-31 06:30:07,872 - __main__ - INFO -    Priority: 8
2025-10-31 06:30:07,910 - __main__ - INFO - 📁 Archived 1 old daily brief items
2025-10-31 06:30:07,910 - __main__ - INFO - 📁 Archived 1 old daily brief items
2025-10-31 06:30:07,910 - __main__ - INFO - 🎉 Daily brief generation completed successfully
2025-10-31 06:30:07,910 - __main__ - INFO - 🎉 Daily brief generation completed successfully
2025-11-01 06:30:01,954 - __main__ - INFO - === Starting Daily Brief Generation ===
2025-11-01 06:30:01,954 - __main__ - INFO - === Starting Daily Brief Generation ===
2025-11-01 06:30:06,879 - app.services.solo_mode_service - INFO - Solo mode: enabled
2025-11-01 06:30:06,879 - app.services.solo_mode_service - INFO - Solo mode: enabled
2025-11-01 06:30:06,879 - app.services.solo_mode_service - INFO - Solo user ID: 64f37c56-85cb-4590-8de9-adfc17d343ed
2025-11-01 06:30:06,879 - app.services.solo_mode_service - INFO - Solo user ID: 64f37c56-85cb-4590-8de9-adfc17d343ed
2025-11-01 06:30:06,880 - __main__ - INFO - Generating daily brief for November 01, 2025
2025-11-01 06:30:06,880 - __main__ - INFO - Generating daily brief for November 01, 2025
2025-11-01 06:30:07,554 - app.services.jarvis_inbox_service - INFO - Created inbox item: 09e06273-7609-4c13-8cdf-b24a3c401880 - 🌅 Daily Brief - November 01
2025-11-01 06:30:07,554 - app.services.jarvis_inbox_service - INFO - Created inbox item: 09e06273-7609-4c13-8cdf-b24a3c401880 - 🌅 Daily Brief - November 01
2025-11-01 06:30:07,555 - __main__ - INFO - ✅ Created daily brief inbox item: 09e06273-7609-4c13-8cdf-b24a3c401880
2025-11-01 06:30:07,555 - __main__ - INFO - ✅ Created daily brief inbox item: 09e06273-7609-4c13-8cdf-b24a3c401880
2025-11-01 06:30:07,555 - __main__ - INFO -    Title: 🌅 Daily Brief - November 01
2025-11-01 06:30:07,555 - __main__ - INFO -    Title: 🌅 Daily Brief - November 01
2025-11-01 06:30:07,556 - __main__ - INFO -    Priority: 8
2025-11-01 06:30:07,556 - __main__ - INFO -    Priority: 8
2025-11-01 06:30:07,590 - __main__ - INFO - 📁 Archived 1 old daily brief items
2025-11-01 06:30:07,590 - __main__ - INFO - 📁 Archived 1 old daily brief items
2025-11-01 06:30:07,591 - __main__ - INFO - 🎉 Daily brief generation completed successfully
2025-11-01 06:30:07,591 - __main__ - INFO - 🎉 Daily brief generation completed successfully
2025-11-02 06:30:02,012 - __main__ - INFO - === Starting Daily Brief Generation ===
2025-11-02 06:30:02,012 - __main__ - INFO - === Starting Daily Brief Generation ===
2025-11-02 06:30:06,194 - app.services.solo_mode_service - INFO - Solo mode: enabled
2025-11-02 06:30:06,194 - app.services.solo_mode_service - INFO - Solo mode: enabled
2025-11-02 06:30:06,194 - app.services.solo_mode_service - INFO - Solo user ID: 64f37c56-85cb-4590-8de9-adfc17d343ed
2025-11-02 06:30:06,194 - app.services.solo_mode_service - INFO - Solo user ID: 64f37c56-85cb-4590-8de9-adfc17d343ed
2025-11-02 06:30:06,195 - __main__ - INFO - Generating daily brief for November 02, 2025
2025-11-02 06:30:06,195 - __main__ - INFO - Generating daily brief for November 02, 2025
2025-11-02 06:30:06,926 - app.services.jarvis_inbox_service - INFO - Created inbox item: ed4dcac1-5ac6-4e7f-8dbc-4c59d7bf9825 - 🌅 Daily Brief - November 02
2025-11-02 06:30:06,926 - app.services.jarvis_inbox_service - INFO - Created inbox item: ed4dcac1-5ac6-4e7f-8dbc-4c59d7bf9825 - 🌅 Daily Brief - November 02
2025-11-02 06:30:06,927 - __main__ - INFO - ✅ Created daily brief inbox item: ed4dcac1-5ac6-4e7f-8dbc-4c59d7bf9825
2025-11-02 06:30:06,927 - __main__ - INFO - ✅ Created daily brief inbox item: ed4dcac1-5ac6-4e7f-8dbc-4c59d7bf9825
2025-11-02 06:30:06,927 - __main__ - INFO -    Title: 🌅 Daily Brief - November 02
2025-11-02 06:30:06,927 - __main__ - INFO -    Title: 🌅 Daily Brief - November 02
2025-11-02 06:30:06,927 - __main__ - INFO -    Priority: 8
2025-11-02 06:30:06,927 - __main__ - INFO -    Priority: 8
2025-11-02 06:30:06,975 - __main__ - INFO - 📁 Archived 1 old daily brief items
2025-11-02 06:30:06,975 - __main__ - INFO - 📁 Archived 1 old daily brief items
2025-11-02 06:30:06,976 - __main__ - INFO - 🎉 Daily brief generation completed successfully
2025-11-02 06:30:06,976 - __main__ - INFO - 🎉 Daily brief generation completed successfully
2025-11-03 06:30:01,813 - __main__ - INFO - === Starting Daily Brief Generation ===
2025-11-03 06:30:01,813 - __main__ - INFO - === Starting Daily Brief Generation ===
2025-11-03 06:30:07,238 - app.services.solo_mode_service - INFO - Solo mode: enabled
2025-11-03 06:30:07,238 - app.services.solo_mode_service - INFO - Solo mode: enabled
2025-11-03 06:30:07,239 - app.services.solo_mode_service - INFO - Solo user ID: 64f37c56-85cb-4590-8de9-adfc17d343ed
2025-11-03 06:30:07,239 - app.services.solo_mode_service - INFO - Solo user ID: 64f37c56-85cb-4590-8de9-adfc17d343ed
2025-11-03 06:30:07,240 - __main__ - INFO - Generating daily brief for November 03, 2025
2025-11-03 06:30:07,240 - __main__ - INFO - Generating daily brief for November 03, 2025
2025-11-03 06:30:08,003 - app.services.jarvis_inbox_service - INFO - Created inbox item: bdc16522-abcc-4eef-aa0e-d3f5f74d3d70 - 🌅 Daily Brief - November 03
2025-11-03 06:30:08,003 - app.services.jarvis_inbox_service - INFO - Created inbox item: bdc16522-abcc-4eef-aa0e-d3f5f74d3d70 - 🌅 Daily Brief - November 03
2025-11-03 06:30:08,004 - __main__ - INFO - ✅ Created daily brief inbox item: bdc16522-abcc-4eef-aa0e-d3f5f74d3d70
2025-11-03 06:30:08,004 - __main__ - INFO - ✅ Created daily brief inbox item: bdc16522-abcc-4eef-aa0e-d3f5f74d3d70
2025-11-03 06:30:08,004 - __main__ - INFO -    Title: 🌅 Daily Brief - November 03
2025-11-03 06:30:08,004 - __main__ - INFO -    Title: 🌅 Daily Brief - November 03
2025-11-03 06:30:08,004 - __main__ - INFO -    Priority: 8
2025-11-03 06:30:08,004 - __main__ - INFO -    Priority: 8
2025-11-03 06:30:08,039 - __main__ - INFO - 🎉 Daily brief generation completed successfully
2025-11-03 06:30:08,039 - __main__ - INFO - 🎉 Daily brief generation completed successfully
2025-11-04 06:30:01,731 - __main__ - INFO - === Starting Daily Brief Generation ===
2025-11-04 06:30:01,731 - __main__ - INFO - === Starting Daily Brief Generation ===
2025-11-04 06:30:04,165 - app.services.solo_mode_service - INFO - Solo mode: enabled
2025-11-04 06:30:04,165 - app.services.solo_mode_service - INFO - Solo mode: enabled
2025-11-04 06:30:04,166 - app.services.solo_mode_service - INFO - Solo user ID: 64f37c56-85cb-4590-8de9-adfc17d343ed
2025-11-04 06:30:04,166 - app.services.solo_mode_service - INFO - Solo user ID: 64f37c56-85cb-4590-8de9-adfc17d343ed
2025-11-04 06:30:04,166 - __main__ - INFO - Generating daily brief for November 04, 2025
2025-11-04 06:30:04,166 - __main__ - INFO - Generating daily brief for November 04, 2025
2025-11-04 06:30:04,697 - app.services.jarvis_inbox_service - INFO - Created inbox item: 81752c8f-33f1-4f54-8541-46bcba6dceb4 - 🌅 Daily Brief - November 04
2025-11-04 06:30:04,697 - app.services.jarvis_inbox_service - INFO - Created inbox item: 81752c8f-33f1-4f54-8541-46bcba6dceb4 - 🌅 Daily Brief - November 04
2025-11-04 06:30:04,698 - __main__ - INFO - ✅ Created daily brief inbox item: 81752c8f-33f1-4f54-8541-46bcba6dceb4
2025-11-04 06:30:04,698 - __main__ - INFO - ✅ Created daily brief inbox item: 81752c8f-33f1-4f54-8541-46bcba6dceb4
2025-11-04 06:30:04,698 - __main__ - INFO -    Title: 🌅 Daily Brief - November 04
2025-11-04 06:30:04,698 - __main__ - INFO -    Title: 🌅 Daily Brief - November 04
2025-11-04 06:30:04,698 - __main__ - INFO -    Priority: 8
2025-11-04 06:30:04,698 - __main__ - INFO -    Priority: 8
2025-11-04 06:30:04,721 - __main__ - INFO - 📁 Archived 1 old daily brief items
2025-11-04 06:30:04,721 - __main__ - INFO - 📁 Archived 1 old daily brief items
2025-11-04 06:30:04,722 - __main__ - INFO - 🎉 Daily brief generation completed successfully
2025-11-04 06:30:04,722 - __main__ - INFO - 🎉 Daily brief generation completed successfully
